"nGroupT","nGroupC","ef","rho","propC","sampleSize","iteration","coef","boot_pval"
6,2,0,0.3,0.3,10,1,0.548738783374178,0.0133333333333333
6,2,0.3,0.3,0.3,10,1,-0.0348804193560882,0.913333333333333
6,2,0,0.3,0.3,30,1,0.26652476130895,0.0433333333333333
6,2,0.3,0.3,0.3,30,1,-0.332414695422503,0.02
6,2,0,0.3,0.3,50,1,-0.107525040607485,0.253333333333333
6,2,0.3,0.3,0.3,50,1,-0.263228461755391,0.0133333333333333
6,2,0,0.3,0.3,70,1,0.0586168230285629,0.446666666666667
6,2,0.3,0.3,0.3,70,1,-0.272749333463618,0
6,2,0,0.3,0.3,90,1,0.139120706770135,0.06
6,2,0.3,0.3,0.3,90,1,-0.231418748552656,0.01
6,2,0,0.3,0.3,110,1,0.167939246116548,0.03
6,2,0.3,0.3,0.3,110,1,-0.158609591199226,0.0433333333333333
6,2,0,0.3,0.3,10,2,0.0816506279505269,0.73
6,2,0.3,0.3,0.3,10,2,-0.538426660909459,0.0233333333333333
6,2,0,0.3,0.3,30,2,-0.0283865067028032,0.876666666666667
6,2,0.3,0.3,0.3,30,2,-0.0678299234209296,0.61
6,2,0,0.3,0.3,50,2,0.155242169336484,0.14
6,2,0.3,0.3,0.3,50,2,-0.0611942046462347,0.56
6,2,0,0.3,0.3,70,2,-0.0568765952535004,0.51
6,2,0.3,0.3,0.3,70,2,-0.352365872597861,0
6,2,0,0.3,0.3,90,2,-0.0342928379817571,0.646666666666667
6,2,0.3,0.3,0.3,90,2,-0.248293970325381,0
6,2,0,0.3,0.3,110,2,-0.0460921329568512,0.513333333333333
6,2,0.3,0.3,0.3,110,2,-0.294336645794248,0
6,2,0,0.3,0.3,10,3,0.402990140030452,0.136666666666667
6,2,0.3,0.3,0.3,10,3,0.0495166602569816,0.823333333333333
6,2,0,0.3,0.3,30,3,-0.126619136767459,0.353333333333333
6,2,0.3,0.3,0.3,30,3,-0.371479124099557,0.01
6,2,0,0.3,0.3,50,3,0.0550932701991306,0.58
6,2,0.3,0.3,0.3,50,3,-0.184532777766097,0.08
6,2,0,0.3,0.3,70,3,-0.0864300795635989,0.296666666666667
6,2,0.3,0.3,0.3,70,3,-0.228638382907739,0.00333333333333333
6,2,0,0.3,0.3,90,3,-0.0430268769303411,0.553333333333333
6,2,0.3,0.3,0.3,90,3,-0.31021488591834,0
6,2,0,0.3,0.3,110,3,-0.0207569015356606,0.8
6,2,0.3,0.3,0.3,110,3,-0.335466322689208,0
6,2,0,0.3,0.3,10,4,0.111983885887505,0.61
6,2,0.3,0.3,0.3,10,4,-0.154193869079588,0.506666666666667
6,2,0,0.3,0.3,30,4,0.0756973409788019,0.6
6,2,0.3,0.3,0.3,30,4,-0.257235421590767,0.05
6,2,0,0.3,0.3,50,4,0.176955056168686,0.0833333333333333
6,2,0.3,0.3,0.3,50,4,-0.37189048819498,0.00666666666666667
6,2,0,0.3,0.3,70,4,-0.0110875956989748,0.856666666666667
6,2,0.3,0.3,0.3,70,4,-0.420486204297481,0
6,2,0,0.3,0.3,90,4,-0.0825906706736973,0.243333333333333
6,2,0.3,0.3,0.3,90,4,-0.401722652321161,0
6,2,0,0.3,0.3,110,4,0.0200292502717101,0.806666666666667
6,2,0.3,0.3,0.3,110,4,-0.324353728262849,0
6,2,0,0.3,0.3,10,5,0.330846110982784,0.14
6,2,0.3,0.3,0.3,10,5,-0.596959695590596,0.03
6,2,0,0.3,0.3,30,5,-0.013555025656969,0.923333333333333
6,2,0.3,0.3,0.3,30,5,-0.213176202620528,0.106666666666667
6,2,0,0.3,0.3,50,5,1.02886461070418e-05,1
6,2,0.3,0.3,0.3,50,5,-0.327999291192832,0.00666666666666667
6,2,0,0.3,0.3,70,5,-0.0248255780041113,0.786666666666667
6,2,0.3,0.3,0.3,70,5,-0.221055586340678,0.0166666666666667
6,2,0,0.3,0.3,90,5,0.225588838384861,0.00666666666666667
6,2,0.3,0.3,0.3,90,5,-0.312636928023558,0
6,2,0,0.3,0.3,110,5,-0.0126227872788197,0.823333333333333
6,2,0.3,0.3,0.3,110,5,-0.402234033985529,0
6,2,0,0.3,0.3,10,6,-0.128834979132276,0.566666666666667
6,2,0.3,0.3,0.3,10,6,-0.230037028663417,0.35
6,2,0,0.3,0.3,30,6,-0.108086398285146,0.41
6,2,0.3,0.3,0.3,30,6,-0.193303283726138,0.163333333333333
6,2,0,0.3,0.3,50,6,-0.0804308931535986,0.43
6,2,0.3,0.3,0.3,50,6,-0.529987910811195,0
6,2,0,0.3,0.3,70,6,-0.0836278188337999,0.33
6,2,0.3,0.3,0.3,70,6,-0.270865270548216,0.00666666666666667
6,2,0,0.3,0.3,90,6,0.118745784287583,0.123333333333333
6,2,0.3,0.3,0.3,90,6,-0.372943500452469,0
6,2,0,0.3,0.3,110,6,-0.140300518001482,0.05
6,2,0.3,0.3,0.3,110,6,-0.155307436843427,0.04
6,2,0,0.3,0.3,10,7,0.382686797100089,0.106666666666667
6,2,0.3,0.3,0.3,10,7,-0.401406405215704,0.11
6,2,0,0.3,0.3,30,7,-0.0289629033009035,0.833333333333333
6,2,0.3,0.3,0.3,30,7,-0.154155901161344,0.27
6,2,0,0.3,0.3,50,7,-0.0797576282463318,0.44
6,2,0.3,0.3,0.3,50,7,-0.207230367219397,0.0433333333333333
6,2,0,0.3,0.3,70,7,0.0963011739216529,0.24
6,2,0.3,0.3,0.3,70,7,-0.387720594660138,0
6,2,0,0.3,0.3,90,7,-0.0452616058386007,0.546666666666667
6,2,0.3,0.3,0.3,90,7,-0.533148701638829,0
6,2,0,0.3,0.3,110,7,0.008428450876867,0.916666666666667
6,2,0.3,0.3,0.3,110,7,-0.453694009528614,0
6,2,0,0.3,0.3,10,8,0.196110363079062,0.426666666666667
6,2,0.3,0.3,0.3,10,8,-0.116199258826506,0.636666666666667
6,2,0,0.3,0.3,30,8,0.107790457569491,0.44
6,2,0.3,0.3,0.3,30,8,-0.314772808598497,0.0233333333333333
6,2,0,0.3,0.3,50,8,0.153904328219532,0.123333333333333
6,2,0.3,0.3,0.3,50,8,-0.154247259535757,0.173333333333333
6,2,0,0.3,0.3,70,8,0.00127490013804928,0.996666666666667
6,2,0.3,0.3,0.3,70,8,-0.280328446676194,0.00333333333333333
6,2,0,0.3,0.3,90,8,-0.177496877478447,0.0233333333333333
6,2,0.3,0.3,0.3,90,8,-0.390150649902982,0
6,2,0,0.3,0.3,110,8,0.172822189644642,0.01
6,2,0.3,0.3,0.3,110,8,-0.259111596829515,0
6,2,0,0.3,0.3,10,9,-0.166074437305611,0.486666666666667
6,2,0.3,0.3,0.3,10,9,-0.239275737269229,0.32
6,2,0,0.3,0.3,30,9,0.0569133032393155,0.626666666666667
6,2,0.3,0.3,0.3,30,9,-0.308607425284154,0.0333333333333333
6,2,0,0.3,0.3,50,9,0.0388682006306498,0.723333333333333
6,2,0.3,0.3,0.3,50,9,-0.378429658676537,0
6,2,0,0.3,0.3,70,9,-0.176109956671293,0.04
6,2,0.3,0.3,0.3,70,9,-0.088139703003246,0.31
6,2,0,0.3,0.3,90,9,0.101522024953084,0.19
6,2,0.3,0.3,0.3,90,9,-0.394543153643251,0
6,2,0,0.3,0.3,110,9,-0.090401647760014,0.2
6,2,0.3,0.3,0.3,110,9,-0.214227382795966,0.00333333333333333
6,2,0,0.3,0.3,10,10,0.314810459798753,0.196666666666667
6,2,0.3,0.3,0.3,10,10,-0.331794198392758,0.166666666666667
6,2,0,0.3,0.3,30,10,-0.315799665608402,0.0266666666666667
6,2,0.3,0.3,0.3,30,10,-0.240022748133368,0.08
6,2,0,0.3,0.3,50,10,-0.237726793240376,0.0166666666666667
6,2,0.3,0.3,0.3,50,10,-0.53313499869942,0
6,2,0,0.3,0.3,70,10,-0.166082737864933,0.0766666666666667
6,2,0.3,0.3,0.3,70,10,-0.288073780905789,0
6,2,0,0.3,0.3,90,10,-0.0265922439921899,0.716666666666667
6,2,0.3,0.3,0.3,90,10,-0.0955184335202442,0.196666666666667
6,2,0,0.3,0.3,110,10,0.053259032207615,0.393333333333333
6,2,0.3,0.3,0.3,110,10,-0.367578302158711,0
6,2,0,0.3,0.3,10,11,0.0701264787523415,0.786666666666667
6,2,0.3,0.3,0.3,10,11,-0.42301216440064,0.0966666666666667
6,2,0,0.3,0.3,30,11,-0.175295592576569,0.17
6,2,0.3,0.3,0.3,30,11,-0.42555780021637,0
6,2,0,0.3,0.3,50,11,-0.0885264460638092,0.346666666666667
6,2,0.3,0.3,0.3,50,11,-0.260179404782014,0.0233333333333333
6,2,0,0.3,0.3,70,11,-0.0163691819444805,0.85
6,2,0.3,0.3,0.3,70,11,-0.477445077691476,0
6,2,0,0.3,0.3,90,11,-0.204201348428335,0.01
6,2,0.3,0.3,0.3,90,11,-0.214090898767531,0.00333333333333333
6,2,0,0.3,0.3,110,11,0.0998450271422291,0.183333333333333
6,2,0.3,0.3,0.3,110,11,-0.37913281525749,0
6,2,0,0.3,0.3,10,12,0.116583351370396,0.666666666666667
6,2,0.3,0.3,0.3,10,12,-0.479237814160086,0.0633333333333333
6,2,0,0.3,0.3,30,12,-0.14395005037993,0.253333333333333
6,2,0.3,0.3,0.3,30,12,-0.298367213997745,0.0266666666666667
6,2,0,0.3,0.3,50,12,-0.037121203932857,0.69
6,2,0.3,0.3,0.3,50,12,-0.307430061755566,0.00333333333333333
6,2,0,0.3,0.3,70,12,0.124495594228111,0.116666666666667
6,2,0.3,0.3,0.3,70,12,-0.27235558806552,0
6,2,0,0.3,0.3,90,12,0.0665389530559565,0.35
6,2,0.3,0.3,0.3,90,12,-0.220620623590432,0.0133333333333333
6,2,0,0.3,0.3,110,12,-0.200425767908988,0
6,2,0.3,0.3,0.3,110,12,-0.27475724983832,0
6,2,0,0.3,0.3,10,13,0.0657886171879116,0.76
6,2,0.3,0.3,0.3,10,13,-0.17797223746226,0.416666666666667
6,2,0,0.3,0.3,30,13,0.145017059106264,0.22
6,2,0.3,0.3,0.3,30,13,-0.421011616139435,0
6,2,0,0.3,0.3,50,13,0.0402562040756786,0.693333333333333
6,2,0.3,0.3,0.3,50,13,-0.286378591816211,0.00666666666666667
6,2,0,0.3,0.3,70,13,-0.00458653335033246,0.97
6,2,0.3,0.3,0.3,70,13,-0.38705994153274,0
6,2,0,0.3,0.3,90,13,0.0558206485276698,0.506666666666667
6,2,0.3,0.3,0.3,90,13,-0.162142387721721,0.0366666666666667
6,2,0,0.3,0.3,110,13,0.0755830169774542,0.21
6,2,0.3,0.3,0.3,110,13,-0.25739319266581,0.00666666666666667
6,2,0,0.3,0.3,10,14,0.177752656056588,0.386666666666667
6,2,0.3,0.3,0.3,10,14,-0.446989827297171,0.0366666666666667
6,2,0,0.3,0.3,30,14,0.100392154871069,0.463333333333333
6,2,0.3,0.3,0.3,30,14,-0.412574341568214,0.00666666666666667
6,2,0,0.3,0.3,50,14,-0.043489769221985,0.663333333333333
6,2,0.3,0.3,0.3,50,14,-0.11333131204477,0.276666666666667
6,2,0,0.3,0.3,70,14,-0.0194656513886765,0.8
6,2,0.3,0.3,0.3,70,14,-0.337496074164807,0
6,2,0,0.3,0.3,90,14,-0.0468420119287964,0.513333333333333
6,2,0.3,0.3,0.3,90,14,-0.375505161898381,0
6,2,0,0.3,0.3,110,14,-0.0302704738396091,0.7
6,2,0.3,0.3,0.3,110,14,-0.365288271917802,0
6,2,0,0.3,0.3,10,15,-0.54713019752456,0.0266666666666667
6,2,0.3,0.3,0.3,10,15,-0.145605058052287,0.533333333333333
6,2,0,0.3,0.3,30,15,0.0769682883829463,0.523333333333333
6,2,0.3,0.3,0.3,30,15,-0.190376102620484,0.166666666666667
6,2,0,0.3,0.3,50,15,0.0773603029145956,0.5
6,2,0.3,0.3,0.3,50,15,-0.290565775829503,0.00666666666666667
6,2,0,0.3,0.3,70,15,-0.0563007266012792,0.523333333333333
6,2,0.3,0.3,0.3,70,15,-0.343793837796357,0
6,2,0,0.3,0.3,90,15,0.0317654679152937,0.7
6,2,0.3,0.3,0.3,90,15,-0.251416483915586,0
6,2,0,0.3,0.3,110,15,-0.151283137626961,0.0166666666666667
6,2,0.3,0.3,0.3,110,15,-0.291357381390054,0
6,2,0,0.3,0.3,10,16,0.270244511267937,0.25
6,2,0.3,0.3,0.3,10,16,0.0197591233391611,0.926666666666667
6,2,0,0.3,0.3,30,16,-0.159224412200341,0.216666666666667
6,2,0.3,0.3,0.3,30,16,-0.352111186064796,0.0133333333333333
6,2,0,0.3,0.3,50,16,-0.179972473144875,0.0933333333333333
6,2,0.3,0.3,0.3,50,16,-0.0330987036335032,0.75
6,2,0,0.3,0.3,70,16,0.0727980581216163,0.376666666666667
6,2,0.3,0.3,0.3,70,16,-0.383570259260469,0
6,2,0,0.3,0.3,90,16,-0.109701992537452,0.193333333333333
6,2,0.3,0.3,0.3,90,16,-0.391915905621658,0
6,2,0,0.3,0.3,110,16,-0.105964467672265,0.113333333333333
6,2,0.3,0.3,0.3,110,16,-0.200352126948672,0.0133333333333333
6,2,0,0.3,0.3,10,17,0.268765576316012,0.266666666666667
6,2,0.3,0.3,0.3,10,17,-0.519844490604328,0.0166666666666667
6,2,0,0.3,0.3,30,17,-0.0289974025370886,0.79
6,2,0.3,0.3,0.3,30,17,-0.225744194178104,0.103333333333333
6,2,0,0.3,0.3,50,17,0.138501623272991,0.176666666666667
6,2,0.3,0.3,0.3,50,17,-0.23062210395071,0.0133333333333333
6,2,0,0.3,0.3,70,17,-0.0168601584317873,0.82
6,2,0.3,0.3,0.3,70,17,-0.351952933178133,0
6,2,0,0.3,0.3,90,17,-0.194177752067012,0
6,2,0.3,0.3,0.3,90,17,-0.192676720337242,0.0166666666666667
6,2,0,0.3,0.3,110,17,0.110450939952035,0.113333333333333
6,2,0.3,0.3,0.3,110,17,-0.329355513481871,0
6,2,0,0.3,0.3,10,18,0.427556245386597,0.0933333333333333
6,2,0.3,0.3,0.3,10,18,-0.565672045251631,0.0133333333333333
6,2,0,0.3,0.3,30,18,0.155299256718691,0.273333333333333
6,2,0.3,0.3,0.3,30,18,-0.392240700385245,0.00666666666666667
6,2,0,0.3,0.3,50,18,0.0285810441153469,0.793333333333333
6,2,0.3,0.3,0.3,50,18,-0.0355243016755966,0.746666666666667
6,2,0,0.3,0.3,70,18,-0.0988735910482377,0.28
6,2,0.3,0.3,0.3,70,18,-0.343541034796421,0
6,2,0,0.3,0.3,90,18,0.0788536551693986,0.266666666666667
6,2,0.3,0.3,0.3,90,18,-0.152900327906446,0.0766666666666667
6,2,0,0.3,0.3,110,18,0.0960763360420021,0.176666666666667
6,2,0.3,0.3,0.3,110,18,-0.26659006629073,0.00333333333333333
6,2,0,0.3,0.3,10,19,-0.527837944494481,0.0233333333333333
6,2,0.3,0.3,0.3,10,19,-0.618107433658516,0.01
6,2,0,0.3,0.3,30,19,0.0515898390057213,0.68
6,2,0.3,0.3,0.3,30,19,-0.246216891025862,0.0766666666666667
6,2,0,0.3,0.3,50,19,0.040485556234927,0.656666666666667
6,2,0.3,0.3,0.3,50,19,-0.376412087968481,0
6,2,0,0.3,0.3,70,19,0.0769366890587045,0.336666666666667
6,2,0.3,0.3,0.3,70,19,-0.566966301910633,0
6,2,0,0.3,0.3,90,19,0.00734630646419025,0.926666666666667
6,2,0.3,0.3,0.3,90,19,-0.310512253233153,0
6,2,0,0.3,0.3,110,19,-0.0719185220497955,0.293333333333333
6,2,0.3,0.3,0.3,110,19,-0.299190343684453,0
6,2,0,0.3,0.3,10,20,-0.286116115884021,0.22
6,2,0.3,0.3,0.3,10,20,-0.462619715990061,0.07
6,2,0,0.3,0.3,30,20,0.0442616122615083,0.71
6,2,0.3,0.3,0.3,30,20,-0.594647920846722,0
6,2,0,0.3,0.3,50,20,0.180879173255151,0.1
6,2,0.3,0.3,0.3,50,20,-0.0976288325671716,0.343333333333333
6,2,0,0.3,0.3,70,20,0.0927722505599068,0.266666666666667
6,2,0.3,0.3,0.3,70,20,-0.249525866033447,0.01
6,2,0,0.3,0.3,90,20,0.0271064509843816,0.746666666666667
6,2,0.3,0.3,0.3,90,20,-0.36085173504608,0
6,2,0,0.3,0.3,110,20,-0.104673804226059,0.133333333333333
6,2,0.3,0.3,0.3,110,20,-0.194433387702315,0.00666666666666667
6,2,0,0.3,0.3,10,21,0.125759289463891,0.52
6,2,0.3,0.3,0.3,10,21,-0.2036967327681,0.356666666666667
6,2,0,0.3,0.3,30,21,0.282769831402355,0.0333333333333333
6,2,0.3,0.3,0.3,30,21,-0.147084608455234,0.29
6,2,0,0.3,0.3,50,21,0.111322771101251,0.286666666666667
6,2,0.3,0.3,0.3,50,21,-0.259849642572103,0.0166666666666667
6,2,0,0.3,0.3,70,21,-0.0493539046914694,0.553333333333333
6,2,0.3,0.3,0.3,70,21,-0.400175970751269,0
6,2,0,0.3,0.3,90,21,-0.0555701117827404,0.473333333333333
6,2,0.3,0.3,0.3,90,21,-0.280759112020819,0.00333333333333333
6,2,0,0.3,0.3,110,21,0.0479825190805664,0.49
6,2,0.3,0.3,0.3,110,21,-0.301272874336523,0
6,2,0,0.3,0.3,10,22,0.0511260725838228,0.796666666666667
6,2,0.3,0.3,0.3,10,22,-0.198721378494589,0.39
6,2,0,0.3,0.3,30,22,0.12692328034261,0.33
6,2,0.3,0.3,0.3,30,22,-0.0823260032879602,0.51
6,2,0,0.3,0.3,50,22,0.0405422771841722,0.723333333333333
6,2,0.3,0.3,0.3,50,22,-0.148612259947047,0.146666666666667
6,2,0,0.3,0.3,70,22,0.000933319991152716,0.986666666666667
6,2,0.3,0.3,0.3,70,22,-0.355291497690432,0
6,2,0,0.3,0.3,90,22,-0.0968606264545439,0.203333333333333
6,2,0.3,0.3,0.3,90,22,-0.436936348108898,0
6,2,0,0.3,0.3,110,22,0.0685039424844086,0.286666666666667
6,2,0.3,0.3,0.3,110,22,-0.323334929048152,0
6,2,0,0.3,0.3,10,23,0.318140179883553,0.15
6,2,0.3,0.3,0.3,10,23,-0.390714147991316,0.0833333333333333
6,2,0,0.3,0.3,30,23,-0.0232329947214912,0.873333333333333
6,2,0.3,0.3,0.3,30,23,-0.0718845589611078,0.553333333333333
6,2,0,0.3,0.3,50,23,-0.0170061007317546,0.886666666666667
6,2,0.3,0.3,0.3,50,23,-0.296262484248679,0.00666666666666667
6,2,0,0.3,0.3,70,23,-0.0454184972368994,0.55
6,2,0.3,0.3,0.3,70,23,-0.392111758259447,0
6,2,0,0.3,0.3,90,23,-0.102394011563419,0.146666666666667
6,2,0.3,0.3,0.3,90,23,-0.130036291976284,0.12
6,2,0,0.3,0.3,110,23,0.065650888880354,0.296666666666667
6,2,0.3,0.3,0.3,110,23,-0.272239784506012,0
6,2,0,0.3,0.3,10,24,0.423339276984757,0.0766666666666667
6,2,0.3,0.3,0.3,10,24,-0.166517838445411,0.52
6,2,0,0.3,0.3,30,24,-0.295795046627509,0.02
6,2,0.3,0.3,0.3,30,24,-0.513202476363719,0
6,2,0,0.3,0.3,50,24,0.00310492284953651,0.963333333333333
6,2,0.3,0.3,0.3,50,24,-0.429738016581797,0
6,2,0,0.3,0.3,70,24,0.027726399003301,0.79
6,2,0.3,0.3,0.3,70,24,-0.307101060503062,0
6,2,0,0.3,0.3,90,24,0.115314850392264,0.17
6,2,0.3,0.3,0.3,90,24,-0.360420733276606,0
6,2,0,0.3,0.3,110,24,0.0727488142640878,0.28
6,2,0.3,0.3,0.3,110,24,-0.326198704526682,0
6,2,0,0.3,0.3,10,25,-0.20444797874148,0.39
6,2,0.3,0.3,0.3,10,25,-0.205751967828787,0.343333333333333
6,2,0,0.3,0.3,30,25,0.0514375927826025,0.693333333333333
6,2,0.3,0.3,0.3,30,25,0.0280008201188149,0.853333333333333
6,2,0,0.3,0.3,50,25,-0.0185240995941101,0.866666666666667
6,2,0.3,0.3,0.3,50,25,-0.380977400619287,0
6,2,0,0.3,0.3,70,25,0.0165933356224567,0.863333333333333
6,2,0.3,0.3,0.3,70,25,-0.515462894996608,0
6,2,0,0.3,0.3,90,25,-0.0812788277411325,0.29
6,2,0.3,0.3,0.3,90,25,-0.190149697874057,0.01
6,2,0,0.3,0.3,110,25,-0.0718717204311822,0.263333333333333
6,2,0.3,0.3,0.3,110,25,-0.307266339515108,0
6,2,0,0.3,0.3,10,26,0.0729764671083277,0.746666666666667
6,2,0.3,0.3,0.3,10,26,-0.350539518463897,0.163333333333333
6,2,0,0.3,0.3,30,26,-0.291276334201884,0.0166666666666667
6,2,0.3,0.3,0.3,30,26,-0.256134802846614,0.0433333333333333
6,2,0,0.3,0.3,50,26,0.00285209704568205,0.98
6,2,0.3,0.3,0.3,50,26,-0.386510964863585,0
6,2,0,0.3,0.3,70,26,0.0187887268623346,0.83
6,2,0.3,0.3,0.3,70,26,-0.246768456797024,0.00333333333333333
6,2,0,0.3,0.3,90,26,0.0189812854908755,0.853333333333333
6,2,0.3,0.3,0.3,90,26,-0.309258166422976,0
6,2,0,0.3,0.3,110,26,-0.0683730767417582,0.28
6,2,0.3,0.3,0.3,110,26,-0.356970274589977,0
6,2,0,0.3,0.3,10,27,0.0406941011689464,0.876666666666667
6,2,0.3,0.3,0.3,10,27,-0.0404034278172772,0.883333333333333
6,2,0,0.3,0.3,30,27,-0.0250525653062951,0.876666666666667
6,2,0.3,0.3,0.3,30,27,-0.188681206662889,0.123333333333333
6,2,0,0.3,0.3,50,27,0.0321490944044102,0.78
6,2,0.3,0.3,0.3,50,27,-0.470597511048197,0
6,2,0,0.3,0.3,70,27,0.135910821812307,0.136666666666667
6,2,0.3,0.3,0.3,70,27,-0.181343604240973,0.06
6,2,0,0.3,0.3,90,27,0.00832243275194653,0.936666666666667
6,2,0.3,0.3,0.3,90,27,-0.402107229673371,0
6,2,0,0.3,0.3,110,27,-0.027483603682516,0.686666666666667
6,2,0.3,0.3,0.3,110,27,-0.289339750527909,0.00333333333333333
6,2,0,0.3,0.3,10,28,-0.329951560449007,0.16
6,2,0.3,0.3,0.3,10,28,0.212124781389867,0.35
6,2,0,0.3,0.3,30,28,0.00152634675081686,0.996666666666667
6,2,0.3,0.3,0.3,30,28,-0.209682696983032,0.156666666666667
6,2,0,0.3,0.3,50,28,0.12268471384469,0.223333333333333
6,2,0.3,0.3,0.3,50,28,-0.399301724247857,0
6,2,0,0.3,0.3,70,28,0.170949312635331,0.03
6,2,0.3,0.3,0.3,70,28,-0.484817308676851,0
6,2,0,0.3,0.3,90,28,-0.0456749818982144,0.553333333333333
6,2,0.3,0.3,0.3,90,28,-0.363331327417451,0
6,2,0,0.3,0.3,110,28,-0.108964851526223,0.113333333333333
6,2,0.3,0.3,0.3,110,28,-0.385614787696202,0
6,2,0,0.3,0.3,10,29,-0.303702531548544,0.233333333333333
6,2,0.3,0.3,0.3,10,29,-0.563026911956407,0.0166666666666667
6,2,0,0.3,0.3,30,29,-0.215910813208205,0.12
6,2,0.3,0.3,0.3,30,29,-0.401076939721539,0.00666666666666667
6,2,0,0.3,0.3,50,29,-0.207599743091659,0.0266666666666667
6,2,0.3,0.3,0.3,50,29,-0.522434027656586,0
6,2,0,0.3,0.3,70,29,-0.149495399393474,0.0866666666666667
6,2,0.3,0.3,0.3,70,29,-0.415766763032734,0
6,2,0,0.3,0.3,90,29,0.0747167752359118,0.33
6,2,0.3,0.3,0.3,90,29,-0.208004817719355,0.01
6,2,0,0.3,0.3,110,29,-0.0470571628325528,0.48
6,2,0.3,0.3,0.3,110,29,-0.402139498552939,0
6,2,0,0.3,0.3,10,30,0.0265623724126581,0.92
6,2,0.3,0.3,0.3,10,30,-0.553631635033317,0.0233333333333333
6,2,0,0.3,0.3,30,30,-0.042584217154209,0.75
6,2,0.3,0.3,0.3,30,30,-0.0844505586686503,0.536666666666667
6,2,0,0.3,0.3,50,30,0.0523433408267808,0.543333333333333
6,2,0.3,0.3,0.3,50,30,-0.377950276306649,0
6,2,0,0.3,0.3,70,30,-0.213661286129897,0.02
6,2,0.3,0.3,0.3,70,30,-0.261847215878885,0
6,2,0,0.3,0.3,90,30,0.0799484168146711,0.27
6,2,0.3,0.3,0.3,90,30,-0.363229586737353,0
6,2,0,0.3,0.3,110,30,-0.13384988554131,0.0533333333333333
6,2,0.3,0.3,0.3,110,30,-0.266323033173002,0
6,2,0,0.3,0.3,10,31,-0.311887936200873,0.21
6,2,0.3,0.3,0.3,10,31,0.205062396639452,0.34
6,2,0,0.3,0.3,30,31,-0.202543048522082,0.136666666666667
6,2,0.3,0.3,0.3,30,31,-0.301996996672404,0.02
6,2,0,0.3,0.3,50,31,0.00397836898848051,0.976666666666667
6,2,0.3,0.3,0.3,50,31,-0.346121964819516,0
6,2,0,0.3,0.3,70,31,0.0650077064708509,0.45
6,2,0.3,0.3,0.3,70,31,-0.310646337160156,0.00333333333333333
6,2,0,0.3,0.3,90,31,0.0220734727785133,0.716666666666667
6,2,0.3,0.3,0.3,90,31,-0.34338546192162,0
6,2,0,0.3,0.3,110,31,0.00476900073094233,0.95
6,2,0.3,0.3,0.3,110,31,-0.312260316344883,0
6,2,0,0.3,0.3,10,32,0.251406574988215,0.266666666666667
6,2,0.3,0.3,0.3,10,32,-0.637810017707149,0.00666666666666667
6,2,0,0.3,0.3,30,32,-0.10187620406911,0.49
6,2,0.3,0.3,0.3,30,32,-0.256278612737233,0.06
6,2,0,0.3,0.3,50,32,0.0584664265984528,0.613333333333333
6,2,0.3,0.3,0.3,50,32,-0.359667663944356,0
6,2,0,0.3,0.3,70,32,0.0355940383963571,0.686666666666667
6,2,0.3,0.3,0.3,70,32,-0.339313937044599,0
6,2,0,0.3,0.3,90,32,-0.096614493099085,0.196666666666667
6,2,0.3,0.3,0.3,90,32,-0.327314033856088,0
6,2,0,0.3,0.3,110,32,0.138450520687394,0.05
6,2,0.3,0.3,0.3,110,32,-0.455701896633884,0
6,2,0,0.3,0.3,10,33,-0.0794505099363138,0.753333333333333
6,2,0.3,0.3,0.3,10,33,-0.203488080726424,0.403333333333333
6,2,0,0.3,0.3,30,33,-0.273800318554361,0.0533333333333333
6,2,0.3,0.3,0.3,30,33,-0.325208232956908,0.0133333333333333
6,2,0,0.3,0.3,50,33,-0.0607739676808471,0.566666666666667
6,2,0.3,0.3,0.3,50,33,-0.478144260911621,0
6,2,0,0.3,0.3,70,33,0.0144767958818467,0.9
6,2,0.3,0.3,0.3,70,33,-0.0175778327246911,0.826666666666667
6,2,0,0.3,0.3,90,33,-0.146878279454329,0.0533333333333333
6,2,0.3,0.3,0.3,90,33,-0.341427202660587,0
6,2,0,0.3,0.3,110,33,-0.0332052357884121,0.683333333333333
6,2,0.3,0.3,0.3,110,33,-0.409868591482213,0
6,2,0,0.3,0.3,10,34,-0.00629719600935378,0.97
6,2,0.3,0.3,0.3,10,34,-0.834127329115185,0
6,2,0,0.3,0.3,30,34,-0.151904763190816,0.223333333333333
6,2,0.3,0.3,0.3,30,34,-0.400639529645292,0
6,2,0,0.3,0.3,50,34,-0.150523250205627,0.1
6,2,0.3,0.3,0.3,50,34,-0.294587789774472,0.0166666666666667
6,2,0,0.3,0.3,70,34,-0.0923266029630193,0.276666666666667
6,2,0.3,0.3,0.3,70,34,-0.295152537549883,0.00333333333333333
6,2,0,0.3,0.3,90,34,0.0809880045720995,0.243333333333333
6,2,0.3,0.3,0.3,90,34,-0.322544895689704,0
6,2,0,0.3,0.3,110,34,-0.00599197551912029,0.936666666666667
6,2,0.3,0.3,0.3,110,34,-0.271840769430161,0
6,2,0,0.3,0.3,10,35,-0.242299995712248,0.3
6,2,0.3,0.3,0.3,10,35,-0.250008417424654,0.293333333333333
6,2,0,0.3,0.3,30,35,0.0991365903776094,0.463333333333333
6,2,0.3,0.3,0.3,30,35,-0.271826937684035,0.0766666666666667
6,2,0,0.3,0.3,50,35,-0.0209845262609683,0.833333333333333
6,2,0.3,0.3,0.3,50,35,-0.382508438481943,0
6,2,0,0.3,0.3,70,35,0.115400211437933,0.166666666666667
6,2,0.3,0.3,0.3,70,35,-0.192284324704524,0.0366666666666667
6,2,0,0.3,0.3,90,35,-0.037886307468494,0.6
6,2,0.3,0.3,0.3,90,35,-0.327881606127625,0
6,2,0,0.3,0.3,110,35,0.0343237674381378,0.68
6,2,0.3,0.3,0.3,110,35,-0.40780962536191,0
6,2,0,0.3,0.3,10,36,0.427097451916994,0.0666666666666667
6,2,0.3,0.3,0.3,10,36,-0.82019898464566,0
6,2,0,0.3,0.3,30,36,-0.0190267771658139,0.856666666666667
6,2,0.3,0.3,0.3,30,36,-0.263857177160182,0.03
6,2,0,0.3,0.3,50,36,0.0328800484508278,0.77
6,2,0.3,0.3,0.3,50,36,-0.139350453891634,0.173333333333333
6,2,0,0.3,0.3,70,36,0.122835814885421,0.206666666666667
6,2,0.3,0.3,0.3,70,36,-0.248917968885624,0.0133333333333333
6,2,0,0.3,0.3,90,36,0.0180194260258448,0.81
6,2,0.3,0.3,0.3,90,36,-0.368168478930692,0
6,2,0,0.3,0.3,110,36,-0.0713369889282395,0.313333333333333
6,2,0.3,0.3,0.3,110,36,-0.216103186457077,0
6,2,0,0.3,0.3,10,37,0.195584652503302,0.39
6,2,0.3,0.3,0.3,10,37,-0.671422109748601,0.0166666666666667
6,2,0,0.3,0.3,30,37,-0.00469700550738629,0.953333333333333
6,2,0.3,0.3,0.3,30,37,-0.507079700351313,0
6,2,0,0.3,0.3,50,37,-0.174936806188624,0.0633333333333333
6,2,0.3,0.3,0.3,50,37,-0.354370428580886,0.00333333333333333
6,2,0,0.3,0.3,70,37,0.0958600256904385,0.283333333333333
6,2,0.3,0.3,0.3,70,37,-0.260171235079033,0.01
6,2,0,0.3,0.3,90,37,0.0632549877986216,0.403333333333333
6,2,0.3,0.3,0.3,90,37,-0.406897965611184,0
6,2,0,0.3,0.3,110,37,-0.0649766170439693,0.413333333333333
6,2,0.3,0.3,0.3,110,37,-0.268003673702065,0
6,2,0,0.3,0.3,10,38,0.125735991796436,0.606666666666667
6,2,0.3,0.3,0.3,10,38,-0.439918080560943,0.0733333333333333
6,2,0,0.3,0.3,30,38,-0.103032453604485,0.443333333333333
6,2,0.3,0.3,0.3,30,38,-0.186268658478252,0.206666666666667
6,2,0,0.3,0.3,50,38,0.0918105337648384,0.356666666666667
6,2,0.3,0.3,0.3,50,38,-0.389342236508772,0
6,2,0,0.3,0.3,70,38,-0.0311720068886918,0.72
6,2,0.3,0.3,0.3,70,38,-0.42646788444216,0
6,2,0,0.3,0.3,90,38,-0.0718948759650631,0.343333333333333
6,2,0.3,0.3,0.3,90,38,-0.38526256396724,0
6,2,0,0.3,0.3,110,38,-0.161235875742823,0.0266666666666667
6,2,0.3,0.3,0.3,110,38,-0.251804991140228,0
6,2,0,0.3,0.3,10,39,-0.193276182384816,0.433333333333333
6,2,0.3,0.3,0.3,10,39,-0.397357270314458,0.106666666666667
6,2,0,0.3,0.3,30,39,0.063473988164232,0.653333333333333
6,2,0.3,0.3,0.3,30,39,-0.51569222076247,0
6,2,0,0.3,0.3,50,39,0.119371035861442,0.24
6,2,0.3,0.3,0.3,50,39,-0.346120556132456,0.00333333333333333
6,2,0,0.3,0.3,70,39,0.0018565241669768,0.996666666666667
6,2,0.3,0.3,0.3,70,39,-0.282652829280397,0
6,2,0,0.3,0.3,90,39,-0.0617688629336234,0.423333333333333
6,2,0.3,0.3,0.3,90,39,-0.438118602527844,0
6,2,0,0.3,0.3,110,39,0.0831317250891596,0.24
6,2,0.3,0.3,0.3,110,39,-0.295125383371461,0
6,2,0,0.3,0.3,10,40,-0.306011454445049,0.203333333333333
6,2,0.3,0.3,0.3,10,40,-0.336793299988659,0.196666666666667
6,2,0,0.3,0.3,30,40,0.0949095408784644,0.506666666666667
6,2,0.3,0.3,0.3,30,40,-0.366168765557207,0
6,2,0,0.3,0.3,50,40,0.189960672417094,0.0966666666666667
6,2,0.3,0.3,0.3,50,40,-0.263729735907962,0.0233333333333333
6,2,0,0.3,0.3,70,40,0.0662172885576558,0.436666666666667
6,2,0.3,0.3,0.3,70,40,-0.174245423350674,0.0833333333333333
6,2,0,0.3,0.3,90,40,-0.168343710126649,0.02
6,2,0.3,0.3,0.3,90,40,-0.274601976848432,0
6,2,0,0.3,0.3,110,40,0.028984418498028,0.636666666666667
6,2,0.3,0.3,0.3,110,40,-0.269605718499253,0
6,2,0,0.3,0.3,10,41,-0.0725125928758046,0.72
6,2,0.3,0.3,0.3,10,41,-0.855116405276288,0.00333333333333333
6,2,0,0.3,0.3,30,41,0.0785479524055272,0.536666666666667
6,2,0.3,0.3,0.3,30,41,-0.595219829853174,0
6,2,0,0.3,0.3,50,41,-0.0152277921587184,0.906666666666667
6,2,0.3,0.3,0.3,50,41,-0.305376174992686,0.00333333333333333
6,2,0,0.3,0.3,70,41,0.0476313742635242,0.53
6,2,0.3,0.3,0.3,70,41,-0.217598976472635,0.0133333333333333
6,2,0,0.3,0.3,90,41,-0.0694014118980952,0.42
6,2,0.3,0.3,0.3,90,41,-0.291041759179132,0
6,2,0,0.3,0.3,110,41,-0.0859568500137087,0.19
6,2,0.3,0.3,0.3,110,41,-0.25793821028714,0
6,2,0,0.3,0.3,10,42,0.238567369005836,0.306666666666667
6,2,0.3,0.3,0.3,10,42,0.0320968780035734,0.896666666666667
6,2,0,0.3,0.3,30,42,-0.165551084293443,0.23
6,2,0.3,0.3,0.3,30,42,-0.116183711860324,0.393333333333333
6,2,0,0.3,0.3,50,42,0.163643247892578,0.146666666666667
6,2,0.3,0.3,0.3,50,42,-0.347521223880652,0.00666666666666667
6,2,0,0.3,0.3,70,42,0.135107436525113,0.11
6,2,0.3,0.3,0.3,70,42,-0.320624804890648,0
6,2,0,0.3,0.3,90,42,-0.080070792087382,0.276666666666667
6,2,0.3,0.3,0.3,90,42,-0.351624363204499,0
6,2,0,0.3,0.3,110,42,-0.0803879267921614,0.26
6,2,0.3,0.3,0.3,110,42,-0.247838771235588,0
6,2,0,0.3,0.3,10,43,-0.111701882592772,0.686666666666667
6,2,0.3,0.3,0.3,10,43,0.321657145532457,0.156666666666667
6,2,0,0.3,0.3,30,43,-0.0176957297757413,0.91
6,2,0.3,0.3,0.3,30,43,-0.212801208187672,0.12
6,2,0,0.3,0.3,50,43,-0.0371166326666273,0.733333333333333
6,2,0.3,0.3,0.3,50,43,-0.286570981323559,0.01
6,2,0,0.3,0.3,70,43,-0.0328861109679119,0.76
6,2,0.3,0.3,0.3,70,43,-0.214915004635742,0.0333333333333333
6,2,0,0.3,0.3,90,43,-0.0690738048548907,0.366666666666667
6,2,0.3,0.3,0.3,90,43,-0.376610354204476,0
6,2,0,0.3,0.3,110,43,0.0195339388775976,0.79
6,2,0.3,0.3,0.3,110,43,-0.139435934575294,0.0566666666666667
6,2,0,0.3,0.3,10,44,0.132105399096771,0.566666666666667
6,2,0.3,0.3,0.3,10,44,-0.521286847167797,0.0433333333333333
6,2,0,0.3,0.3,30,44,0.0506986692884245,0.683333333333333
6,2,0.3,0.3,0.3,30,44,-0.000789624547392234,1
6,2,0,0.3,0.3,50,44,-0.104074087015069,0.373333333333333
6,2,0.3,0.3,0.3,50,44,-0.309085414580907,0.00333333333333333
6,2,0,0.3,0.3,70,44,0.115338213176626,0.16
6,2,0.3,0.3,0.3,70,44,-0.149450107880545,0.0933333333333333
6,2,0,0.3,0.3,90,44,-0.0410854304797284,0.556666666666667
6,2,0.3,0.3,0.3,90,44,-0.346727455512666,0
6,2,0,0.3,0.3,110,44,0.0337323934463006,0.623333333333333
6,2,0.3,0.3,0.3,110,44,-0.229812978681051,0.00333333333333333
6,2,0,0.3,0.3,10,45,-0.0404669881694522,0.883333333333333
6,2,0.3,0.3,0.3,10,45,-0.345319593718306,0.15
6,2,0,0.3,0.3,30,45,-0.113672732579792,0.416666666666667
6,2,0.3,0.3,0.3,30,45,-0.185493082492984,0.146666666666667
6,2,0,0.3,0.3,50,45,0.152124909446576,0.136666666666667
6,2,0.3,0.3,0.3,50,45,-0.299192923077989,0
6,2,0,0.3,0.3,70,45,-0.0871744808810035,0.293333333333333
6,2,0.3,0.3,0.3,70,45,-0.221016544044499,0.02
6,2,0,0.3,0.3,90,45,0.128401443575722,0.14
6,2,0.3,0.3,0.3,90,45,-0.389347885342413,0
6,2,0,0.3,0.3,110,45,-0.0624803416514577,0.376666666666667
6,2,0.3,0.3,0.3,110,45,-0.356550352618296,0
6,2,0,0.3,0.3,10,46,-0.146810283044565,0.563333333333333
6,2,0.3,0.3,0.3,10,46,-0.315029708477976,0.176666666666667
6,2,0,0.3,0.3,30,46,0.0451263030662105,0.763333333333333
6,2,0.3,0.3,0.3,30,46,-0.288450080723614,0.0366666666666667
6,2,0,0.3,0.3,50,46,0.0184575217597143,0.886666666666667
6,2,0.3,0.3,0.3,50,46,-0.340364861777968,0
6,2,0,0.3,0.3,70,46,-0.134135399623144,0.143333333333333
6,2,0.3,0.3,0.3,70,46,-0.372216924478005,0
6,2,0,0.3,0.3,90,46,0.0323215938291082,0.693333333333333
6,2,0.3,0.3,0.3,90,46,-0.567177416443999,0
6,2,0,0.3,0.3,110,46,-0.0153741424176408,0.813333333333333
6,2,0.3,0.3,0.3,110,46,-0.323605885022619,0
6,2,0,0.3,0.3,10,47,0.189970405659236,0.406666666666667
6,2,0.3,0.3,0.3,10,47,-0.253558109794176,0.283333333333333
6,2,0,0.3,0.3,30,47,-0.150413958918464,0.263333333333333
6,2,0.3,0.3,0.3,30,47,-0.103968825864148,0.403333333333333
6,2,0,0.3,0.3,50,47,0.0387003299251371,0.7
6,2,0.3,0.3,0.3,50,47,-0.318090248767882,0.00333333333333333
6,2,0,0.3,0.3,70,47,-0.15577911106266,0.0666666666666667
6,2,0.3,0.3,0.3,70,47,-0.371388039578325,0
6,2,0,0.3,0.3,90,47,-0.0489196823429247,0.486666666666667
6,2,0.3,0.3,0.3,90,47,-0.300498394970505,0
6,2,0,0.3,0.3,110,47,-0.133728674723571,0.0866666666666667
6,2,0.3,0.3,0.3,110,47,-0.248979926142362,0
6,2,0,0.3,0.3,10,48,0.179060395099959,0.446666666666667
6,2,0.3,0.3,0.3,10,48,-0.67446378453557,0.01
6,2,0,0.3,0.3,30,48,0.185836450849569,0.153333333333333
6,2,0.3,0.3,0.3,30,48,-0.333971007585317,0.01
6,2,0,0.3,0.3,50,48,-0.0811325469314159,0.406666666666667
6,2,0.3,0.3,0.3,50,48,-0.180124263657766,0.0966666666666667
6,2,0,0.3,0.3,70,48,0.00472868009942529,0.946666666666667
6,2,0.3,0.3,0.3,70,48,-0.230541830974445,0.01
6,2,0,0.3,0.3,90,48,0.02521203951007,0.76
6,2,0.3,0.3,0.3,90,48,-0.412060603941275,0
6,2,0,0.3,0.3,110,48,-0.128309000660724,0.0433333333333333
6,2,0.3,0.3,0.3,110,48,-0.195485388978465,0.01
6,2,0,0.3,0.3,10,49,0.131920559354811,0.513333333333333
6,2,0.3,0.3,0.3,10,49,-0.177123014415154,0.413333333333333
6,2,0,0.3,0.3,30,49,0.133425429636188,0.276666666666667
6,2,0.3,0.3,0.3,30,49,-0.197898767083696,0.123333333333333
6,2,0,0.3,0.3,50,49,0.10057112502742,0.34
6,2,0.3,0.3,0.3,50,49,-0.392172984805758,0
6,2,0,0.3,0.3,70,49,-0.0845633025023156,0.316666666666667
6,2,0.3,0.3,0.3,70,49,-0.205577985477232,0.0266666666666667
6,2,0,0.3,0.3,90,49,-0.0439952633661383,0.576666666666667
6,2,0.3,0.3,0.3,90,49,-0.412186790373083,0
6,2,0,0.3,0.3,110,49,0.0704575367780404,0.313333333333333
6,2,0.3,0.3,0.3,110,49,-0.382898265956352,0
6,2,0,0.3,0.3,10,50,0.241982088322291,0.323333333333333
6,2,0.3,0.3,0.3,10,50,-0.609433772124991,0.02
6,2,0,0.3,0.3,30,50,0.111695823336334,0.36
6,2,0.3,0.3,0.3,30,50,-0.297531857540207,0.03
6,2,0,0.3,0.3,50,50,-0.0151440688427836,0.89
6,2,0.3,0.3,0.3,50,50,-0.33646908820133,0
6,2,0,0.3,0.3,70,50,0.0886084727634284,0.32
6,2,0.3,0.3,0.3,70,50,-0.40327558219997,0
6,2,0,0.3,0.3,90,50,0.074963394743153,0.316666666666667
6,2,0.3,0.3,0.3,90,50,-0.333061354172067,0.00333333333333333
6,2,0,0.3,0.3,110,50,-0.0161508791217759,0.826666666666667
6,2,0.3,0.3,0.3,110,50,-0.366794854484005,0
6,2,0,0.3,0.3,10,51,-0.132398292817038,0.55
6,2,0.3,0.3,0.3,10,51,-0.285856945822707,0.186666666666667
6,2,0,0.3,0.3,30,51,0.141715561973373,0.323333333333333
6,2,0.3,0.3,0.3,30,51,-0.180751341722177,0.18
6,2,0,0.3,0.3,50,51,0.114289315251919,0.27
6,2,0.3,0.3,0.3,50,51,-0.203559329878929,0.0566666666666667
6,2,0,0.3,0.3,70,51,-0.0201199365427846,0.816666666666667
6,2,0.3,0.3,0.3,70,51,-0.367675890354949,0
6,2,0,0.3,0.3,90,51,0.0947443355256991,0.216666666666667
6,2,0.3,0.3,0.3,90,51,-0.145722766816566,0.0833333333333333
6,2,0,0.3,0.3,110,51,-0.0381014014268698,0.586666666666667
6,2,0.3,0.3,0.3,110,51,-0.179974942017218,0.0133333333333333
6,2,0,0.3,0.3,10,52,-0.107804501879788,0.646666666666667
6,2,0.3,0.3,0.3,10,52,-0.435788020471449,0.0733333333333333
6,2,0,0.3,0.3,30,52,0.0505401732121367,0.68
6,2,0.3,0.3,0.3,30,52,-0.490218743034192,0
6,2,0,0.3,0.3,50,52,0.0837111187302626,0.4
6,2,0.3,0.3,0.3,50,52,-0.433840311858773,0
6,2,0,0.3,0.3,70,52,0.0425681393538692,0.59
6,2,0.3,0.3,0.3,70,52,-0.254032252076871,0.00333333333333333
6,2,0,0.3,0.3,90,52,0.0885473741479443,0.243333333333333
6,2,0.3,0.3,0.3,90,52,-0.381292621365259,0
6,2,0,0.3,0.3,110,52,0.0375162912138265,0.576666666666667
6,2,0.3,0.3,0.3,110,52,-0.461101253635759,0
6,2,0,0.3,0.3,10,53,-0.224664726366983,0.37
6,2,0.3,0.3,0.3,10,53,-0.441892888781135,0.0366666666666667
6,2,0,0.3,0.3,30,53,0.448172662458501,0.00333333333333333
6,2,0.3,0.3,0.3,30,53,0.0331009612952511,0.806666666666667
6,2,0,0.3,0.3,50,53,0.196158079109887,0.0733333333333333
6,2,0.3,0.3,0.3,50,53,-0.123519859351583,0.256666666666667
6,2,0,0.3,0.3,70,53,0.142301307293703,0.08
6,2,0.3,0.3,0.3,70,53,-0.199231226903508,0.0266666666666667
6,2,0,0.3,0.3,90,53,0.0894804173000614,0.243333333333333
6,2,0.3,0.3,0.3,90,53,-0.27031919565799,0.00333333333333333
6,2,0,0.3,0.3,110,53,0.0278764708618272,0.65
6,2,0.3,0.3,0.3,110,53,-0.459681549902534,0
6,2,0,0.3,0.3,10,54,0.128996238644435,0.603333333333333
6,2,0.3,0.3,0.3,10,54,-0.289455014092301,0.196666666666667
6,2,0,0.3,0.3,30,54,-0.157202453787706,0.253333333333333
6,2,0.3,0.3,0.3,30,54,-0.363634331087138,0.00333333333333333
6,2,0,0.3,0.3,50,54,0.00822829576156951,0.92
6,2,0.3,0.3,0.3,50,54,-0.206879225638748,0.0633333333333333
6,2,0,0.3,0.3,70,54,-0.0130413651764944,0.913333333333333
6,2,0.3,0.3,0.3,70,54,-0.161654777731784,0.08
6,2,0,0.3,0.3,90,54,0.0179751747175897,0.833333333333333
6,2,0.3,0.3,0.3,90,54,-0.280487276839227,0
6,2,0,0.3,0.3,110,54,-0.109553416441316,0.123333333333333
6,2,0.3,0.3,0.3,110,54,-0.289042015647544,0
6,2,0,0.3,0.3,10,55,-0.0467457947995984,0.84
6,2,0.3,0.3,0.3,10,55,0.0242495831306942,0.916666666666667
6,2,0,0.3,0.3,30,55,0.0258790818071607,0.846666666666667
6,2,0.3,0.3,0.3,30,55,-0.0281004643047011,0.813333333333333
6,2,0,0.3,0.3,50,55,-0.00132874793341706,0.993333333333333
6,2,0.3,0.3,0.3,50,55,-0.371396732876153,0
6,2,0,0.3,0.3,70,55,-0.0675235836344125,0.443333333333333
6,2,0.3,0.3,0.3,70,55,-0.303884590287136,0
6,2,0,0.3,0.3,90,55,0.138232290834766,0.1
6,2,0.3,0.3,0.3,90,55,-0.309987967763057,0
6,2,0,0.3,0.3,110,55,0.010146398161734,0.876666666666667
6,2,0.3,0.3,0.3,110,55,-0.247367802875646,0
6,2,0,0.3,0.3,10,56,-0.121103314767774,0.633333333333333
6,2,0.3,0.3,0.3,10,56,-0.666103323627977,0.00333333333333333
6,2,0,0.3,0.3,30,56,-0.303664908761319,0.0266666666666667
6,2,0.3,0.3,0.3,30,56,-0.323743381779587,0.03
6,2,0,0.3,0.3,50,56,0.197201240197638,0.07
6,2,0.3,0.3,0.3,50,56,-0.216914336990431,0.0433333333333333
6,2,0,0.3,0.3,70,56,0.281933498377639,0.00333333333333333
6,2,0.3,0.3,0.3,70,56,-0.496044797547466,0
6,2,0,0.3,0.3,90,56,-0.0296079060425492,0.676666666666667
6,2,0.3,0.3,0.3,90,56,-0.291827648795145,0
6,2,0,0.3,0.3,110,56,-0.0633508083043144,0.376666666666667
6,2,0.3,0.3,0.3,110,56,-0.388461994320238,0
6,2,0,0.3,0.3,10,57,-0.243279604789412,0.29
6,2,0.3,0.3,0.3,10,57,-0.419642320624323,0.12
6,2,0,0.3,0.3,30,57,0.0658103977430872,0.603333333333333
6,2,0.3,0.3,0.3,30,57,-0.246342573326003,0.0733333333333333
6,2,0,0.3,0.3,50,57,0.0352608178542741,0.72
6,2,0.3,0.3,0.3,50,57,-0.212487402636407,0.06
6,2,0,0.3,0.3,70,57,-0.114049192375067,0.176666666666667
6,2,0.3,0.3,0.3,70,57,-0.171152091367113,0.0366666666666667
6,2,0,0.3,0.3,90,57,0.00696218941647225,0.926666666666667
6,2,0.3,0.3,0.3,90,57,-0.366079984770173,0
6,2,0,0.3,0.3,110,57,-0.129381207228482,0.0866666666666667
6,2,0.3,0.3,0.3,110,57,-0.123477656388517,0.0933333333333333
6,2,0,0.3,0.3,10,58,-0.262928182111071,0.266666666666667
6,2,0.3,0.3,0.3,10,58,-0.293460528852335,0.163333333333333
6,2,0,0.3,0.3,30,58,-0.300690816491754,0.0366666666666667
6,2,0.3,0.3,0.3,30,58,-0.173552076972295,0.2
6,2,0,0.3,0.3,50,58,0.118880066256522,0.236666666666667
6,2,0.3,0.3,0.3,50,58,-0.278323514923814,0.0133333333333333
6,2,0,0.3,0.3,70,58,0.0489401079422211,0.516666666666667
6,2,0.3,0.3,0.3,70,58,-0.38115388276542,0
6,2,0,0.3,0.3,90,58,-0.0717132144675773,0.34
6,2,0.3,0.3,0.3,90,58,-0.416499801848735,0
6,2,0,0.3,0.3,110,58,-0.11589889945533,0.1
6,2,0.3,0.3,0.3,110,58,-0.426729374294463,0
6,2,0,0.3,0.3,10,59,-0.351101120939377,0.12
6,2,0.3,0.3,0.3,10,59,0.217417602815188,0.396666666666667
6,2,0,0.3,0.3,30,59,0.0689710828780776,0.593333333333333
6,2,0.3,0.3,0.3,30,59,-0.519254106256922,0
6,2,0,0.3,0.3,50,59,-0.00542824791388575,0.97
6,2,0.3,0.3,0.3,50,59,-0.213739606887491,0.0633333333333333
6,2,0,0.3,0.3,70,59,-0.145475408363511,0.07
6,2,0.3,0.3,0.3,70,59,-0.0799532481586872,0.353333333333333
6,2,0,0.3,0.3,90,59,-0.0374282209460737,0.576666666666667
6,2,0.3,0.3,0.3,90,59,-0.254126238862471,0.00666666666666667
6,2,0,0.3,0.3,110,59,-0.0401348444671131,0.626666666666667
6,2,0.3,0.3,0.3,110,59,-0.274433054614401,0
6,2,0,0.3,0.3,10,60,0.0794952430154945,0.733333333333333
6,2,0.3,0.3,0.3,10,60,-0.101656212157568,0.646666666666667
6,2,0,0.3,0.3,30,60,0.0905130534552373,0.5
6,2,0.3,0.3,0.3,30,60,-0.257818448816635,0.0766666666666667
6,2,0,0.3,0.3,50,60,0.127479777180662,0.23
6,2,0.3,0.3,0.3,50,60,-0.356582141252077,0
6,2,0,0.3,0.3,70,60,0.0710252247176056,0.453333333333333
6,2,0.3,0.3,0.3,70,60,-0.116605034032754,0.18
6,2,0,0.3,0.3,90,60,0.0265226805099076,0.69
6,2,0.3,0.3,0.3,90,60,-0.151777842452746,0.0533333333333333
6,2,0,0.3,0.3,110,60,0.0323236567242734,0.62
6,2,0.3,0.3,0.3,110,60,-0.302273495375209,0
6,2,0,0.3,0.3,10,61,-0.374918011771641,0.12
6,2,0.3,0.3,0.3,10,61,-0.396961246973549,0.0866666666666667
6,2,0,0.3,0.3,30,61,-0.0756623277737086,0.503333333333333
6,2,0.3,0.3,0.3,30,61,-0.268280274969647,0.0466666666666667
6,2,0,0.3,0.3,50,61,-0.19063127326245,0.0866666666666667
6,2,0.3,0.3,0.3,50,61,-0.210729427398083,0.04
6,2,0,0.3,0.3,70,61,0.0593482651495801,0.446666666666667
6,2,0.3,0.3,0.3,70,61,-0.32026540905156,0
6,2,0,0.3,0.3,90,61,0.137628056203772,0.07
6,2,0.3,0.3,0.3,90,61,-0.284860447671051,0
6,2,0,0.3,0.3,110,61,0.0759459674624689,0.273333333333333
6,2,0.3,0.3,0.3,110,61,-0.431131209846425,0
6,2,0,0.3,0.3,10,62,0.314424192703483,0.163333333333333
6,2,0.3,0.3,0.3,10,62,-0.23422923655009,0.326666666666667
6,2,0,0.3,0.3,30,62,0.00351220151509788,0.986666666666667
6,2,0.3,0.3,0.3,30,62,-0.278258603041288,0.0333333333333333
6,2,0,0.3,0.3,50,62,-0.0253029214959758,0.803333333333333
6,2,0.3,0.3,0.3,50,62,-0.267066004926319,0.00666666666666667
6,2,0,0.3,0.3,70,62,-0.0364478981539518,0.653333333333333
6,2,0.3,0.3,0.3,70,62,-0.228630304284282,0.0133333333333333
6,2,0,0.3,0.3,90,62,0.00509997004770712,0.926666666666667
6,2,0.3,0.3,0.3,90,62,-0.333522223714784,0
6,2,0,0.3,0.3,110,62,-0.0361942679739628,0.556666666666667
6,2,0.3,0.3,0.3,110,62,-0.35536079390831,0
6,2,0,0.3,0.3,10,63,-0.0985778407038327,0.656666666666667
6,2,0.3,0.3,0.3,10,63,-0.545094802617891,0.0166666666666667
6,2,0,0.3,0.3,30,63,-0.059590480247592,0.65
6,2,0.3,0.3,0.3,30,63,-0.161715523829055,0.263333333333333
6,2,0,0.3,0.3,50,63,0.219374444091913,0.03
6,2,0.3,0.3,0.3,50,63,-0.327905983611395,0
6,2,0,0.3,0.3,70,63,0.148584561852149,0.113333333333333
6,2,0.3,0.3,0.3,70,63,-0.417424522981071,0
6,2,0,0.3,0.3,90,63,-0.0110597872348013,0.856666666666667
6,2,0.3,0.3,0.3,90,63,-0.223333295708396,0.00666666666666667
6,2,0,0.3,0.3,110,63,0.0652616635762611,0.323333333333333
6,2,0.3,0.3,0.3,110,63,-0.251558750021723,0.00333333333333333
6,2,0,0.3,0.3,10,64,-0.277740742702423,0.226666666666667
6,2,0.3,0.3,0.3,10,64,-0.667119867539201,0.00333333333333333
6,2,0,0.3,0.3,30,64,-0.147593492310623,0.28
6,2,0.3,0.3,0.3,30,64,-0.457668677128383,0.00333333333333333
6,2,0,0.3,0.3,50,64,0.0780088061728674,0.453333333333333
6,2,0.3,0.3,0.3,50,64,-0.312785317616301,0.00333333333333333
6,2,0,0.3,0.3,70,64,0.0149470453676687,0.843333333333333
6,2,0.3,0.3,0.3,70,64,-0.275234527520423,0
6,2,0,0.3,0.3,90,64,-0.0504561368124384,0.456666666666667
6,2,0.3,0.3,0.3,90,64,-0.264598621778368,0
6,2,0,0.3,0.3,110,64,-0.0104835953223126,0.85
6,2,0.3,0.3,0.3,110,64,-0.414356869154851,0
6,2,0,0.3,0.3,10,65,-0.0293008453107196,0.886666666666667
6,2,0.3,0.3,0.3,10,65,-0.217971137929059,0.326666666666667
6,2,0,0.3,0.3,30,65,-0.0934269961973862,0.53
6,2,0.3,0.3,0.3,30,65,-0.380375774208373,0.01
6,2,0,0.3,0.3,50,65,0.150093118635558,0.186666666666667
6,2,0.3,0.3,0.3,50,65,-0.451770937042613,0
6,2,0,0.3,0.3,70,65,-0.040417712846394,0.64
6,2,0.3,0.3,0.3,70,65,-0.102450822457111,0.283333333333333
6,2,0,0.3,0.3,90,65,0.0380598052279753,0.62
6,2,0.3,0.3,0.3,90,65,-0.353280662512801,0
6,2,0,0.3,0.3,110,65,0.0239757246126395,0.706666666666667
6,2,0.3,0.3,0.3,110,65,-0.232302577642131,0
6,2,0,0.3,0.3,10,66,-0.106278522064915,0.683333333333333
6,2,0.3,0.3,0.3,10,66,-0.0743414802278343,0.776666666666667
6,2,0,0.3,0.3,30,66,0.0936110273390686,0.52
6,2,0.3,0.3,0.3,30,66,-0.152538915187418,0.25
6,2,0,0.3,0.3,50,66,-0.246474211497065,0.0233333333333333
6,2,0.3,0.3,0.3,50,66,-0.227121680086466,0.0533333333333333
6,2,0,0.3,0.3,70,66,0.00332673838454291,0.973333333333333
6,2,0.3,0.3,0.3,70,66,-0.333115861253998,0
6,2,0,0.3,0.3,90,66,-0.16857966404862,0.0433333333333333
6,2,0.3,0.3,0.3,90,66,-0.377238723676818,0
6,2,0,0.3,0.3,110,66,-0.00666200636673126,0.933333333333333
6,2,0.3,0.3,0.3,110,66,-0.187159848596776,0.0133333333333333
6,2,0,0.3,0.3,10,67,-0.228065940026167,0.33
6,2,0.3,0.3,0.3,10,67,-0.418286382023544,0.08
6,2,0,0.3,0.3,30,67,0.0535854122017317,0.686666666666667
6,2,0.3,0.3,0.3,30,67,-0.380420397820354,0.01
6,2,0,0.3,0.3,50,67,-0.0774472267060219,0.433333333333333
6,2,0.3,0.3,0.3,50,67,-0.362325431003202,0
6,2,0,0.3,0.3,70,67,-0.305778547477908,0
6,2,0.3,0.3,0.3,70,67,-0.176931462045751,0.04
6,2,0,0.3,0.3,90,67,-0.0220744016413498,0.78
6,2,0.3,0.3,0.3,90,67,-0.283185388519907,0
6,2,0,0.3,0.3,110,67,0.0496784381179537,0.463333333333333
6,2,0.3,0.3,0.3,110,67,-0.449379280588945,0
6,2,0,0.3,0.3,10,68,0.438117237804324,0.0566666666666667
6,2,0.3,0.3,0.3,10,68,-0.477204722210926,0.04
6,2,0,0.3,0.3,30,68,0.142803288946042,0.273333333333333
6,2,0.3,0.3,0.3,30,68,-0.353438875587199,0.02
6,2,0,0.3,0.3,50,68,0.163631671179951,0.116666666666667
6,2,0.3,0.3,0.3,50,68,-0.444977038090922,0
6,2,0,0.3,0.3,70,68,-0.289707610960281,0
6,2,0.3,0.3,0.3,70,68,-0.328406498838336,0
6,2,0,0.3,0.3,90,68,-0.051920683968667,0.523333333333333
6,2,0.3,0.3,0.3,90,68,-0.512912797871498,0
6,2,0,0.3,0.3,110,68,-0.103065015910706,0.106666666666667
6,2,0.3,0.3,0.3,110,68,-0.2001990982466,0.00333333333333333
6,2,0,0.3,0.3,10,69,0.21986889515199,0.316666666666667
6,2,0.3,0.3,0.3,10,69,-0.250663219601071,0.323333333333333
6,2,0,0.3,0.3,30,69,-0.335035423415629,0.0133333333333333
6,2,0.3,0.3,0.3,30,69,-0.0447024844941687,0.733333333333333
6,2,0,0.3,0.3,50,69,-0.119487604123583,0.243333333333333
6,2,0.3,0.3,0.3,50,69,-0.307315240244668,0.00333333333333333
6,2,0,0.3,0.3,70,69,-0.0654428605539677,0.463333333333333
6,2,0.3,0.3,0.3,70,69,-0.0646466232793273,0.483333333333333
6,2,0,0.3,0.3,90,69,-0.0145804722527984,0.863333333333333
6,2,0.3,0.3,0.3,90,69,-0.374271382296141,0
6,2,0,0.3,0.3,110,69,0.0814104406868861,0.286666666666667
6,2,0.3,0.3,0.3,110,69,-0.433345032863809,0
6,2,0,0.3,0.3,10,70,-0.0282124932240795,0.913333333333333
6,2,0.3,0.3,0.3,10,70,0.123713720507072,0.603333333333333
6,2,0,0.3,0.3,30,70,-0.0475698861510778,0.68
6,2,0.3,0.3,0.3,30,70,-0.372607150245672,0.0133333333333333
6,2,0,0.3,0.3,50,70,0.11022602271177,0.27
6,2,0.3,0.3,0.3,50,70,-0.251200382879081,0.0166666666666667
6,2,0,0.3,0.3,70,70,0.0470916208147646,0.593333333333333
6,2,0.3,0.3,0.3,70,70,-0.347651138269631,0
6,2,0,0.3,0.3,90,70,0.0068109952225767,0.94
6,2,0.3,0.3,0.3,90,70,-0.275005045289639,0
6,2,0,0.3,0.3,110,70,0.0908070335370404,0.196666666666667
6,2,0.3,0.3,0.3,110,70,-0.160470968266487,0.03
6,2,0,0.3,0.3,10,71,0.197725515928515,0.36
6,2,0.3,0.3,0.3,10,71,-0.345089747636701,0.23
6,2,0,0.3,0.3,30,71,-0.135717410772273,0.266666666666667
6,2,0.3,0.3,0.3,30,71,-0.264350050923987,0.0666666666666667
6,2,0,0.3,0.3,50,71,-0.17362560886682,0.1
6,2,0.3,0.3,0.3,50,71,-0.0157162931040999,0.9
6,2,0,0.3,0.3,70,71,0.0695389084535144,0.463333333333333
6,2,0.3,0.3,0.3,70,71,-0.305658942582835,0
6,2,0,0.3,0.3,90,71,0.178248350799001,0.01
6,2,0.3,0.3,0.3,90,71,-0.128910936012577,0.0966666666666667
6,2,0,0.3,0.3,110,71,-0.161758306600996,0.0266666666666667
6,2,0.3,0.3,0.3,110,71,-0.217328301960532,0.00666666666666667
6,2,0,0.3,0.3,10,72,0.201760437044316,0.41
6,2,0.3,0.3,0.3,10,72,-0.613280556919879,0.02
6,2,0,0.3,0.3,30,72,0.00763856711873453,0.94
6,2,0.3,0.3,0.3,30,72,-0.333545324376688,0.02
6,2,0,0.3,0.3,50,72,-0.189768808740736,0.0733333333333333
6,2,0.3,0.3,0.3,50,72,-0.181456230037254,0.166666666666667
6,2,0,0.3,0.3,70,72,0.045750978604168,0.583333333333333
6,2,0.3,0.3,0.3,70,72,-0.319001586622637,0
6,2,0,0.3,0.3,90,72,0.0938829688157846,0.266666666666667
6,2,0.3,0.3,0.3,90,72,-0.341113847470623,0
6,2,0,0.3,0.3,110,72,0.0298026608770768,0.68
6,2,0.3,0.3,0.3,110,72,-0.365643767297637,0
6,2,0,0.3,0.3,10,73,0.0628411724916667,0.736666666666667
6,2,0.3,0.3,0.3,10,73,-0.326885277931222,0.22
6,2,0,0.3,0.3,30,73,-0.244938234580496,0.0533333333333333
6,2,0.3,0.3,0.3,30,73,-0.234909309651592,0.0833333333333333
6,2,0,0.3,0.3,50,73,0.192238809587097,0.0533333333333333
6,2,0.3,0.3,0.3,50,73,-0.28119740833684,0.0133333333333333
6,2,0,0.3,0.3,70,73,0.129099930624466,0.143333333333333
6,2,0.3,0.3,0.3,70,73,-0.421444679053647,0
6,2,0,0.3,0.3,90,73,0.0744253031865657,0.313333333333333
6,2,0.3,0.3,0.3,90,73,-0.425888473914194,0
6,2,0,0.3,0.3,110,73,-0.143411395423141,0.0366666666666667
6,2,0.3,0.3,0.3,110,73,-0.225769703385605,0.00333333333333333
6,2,0,0.3,0.3,10,74,0.101157433796312,0.69
6,2,0.3,0.3,0.3,10,74,-0.282514961087341,0.253333333333333
6,2,0,0.3,0.3,30,74,0.230187456479215,0.0733333333333333
6,2,0.3,0.3,0.3,30,74,-0.645414367598819,0
6,2,0,0.3,0.3,50,74,0.181930142455205,0.0833333333333333
6,2,0.3,0.3,0.3,50,74,-0.269193278479783,0
6,2,0,0.3,0.3,70,74,0.095106263976808,0.276666666666667
6,2,0.3,0.3,0.3,70,74,-0.320967104701351,0
6,2,0,0.3,0.3,90,74,-0.0683749433249584,0.376666666666667
6,2,0.3,0.3,0.3,90,74,-0.372371827398327,0
6,2,0,0.3,0.3,110,74,-0.0744079584965397,0.25
6,2,0.3,0.3,0.3,110,74,-0.213754980981285,0
6,2,0,0.3,0.3,10,75,-0.133117114899622,0.54
6,2,0.3,0.3,0.3,10,75,-0.0497973040118227,0.836666666666667
6,2,0,0.3,0.3,30,75,-0.118395410913637,0.403333333333333
6,2,0.3,0.3,0.3,30,75,-0.268837172846121,0.0533333333333333
6,2,0,0.3,0.3,50,75,0.0522693688189944,0.59
6,2,0.3,0.3,0.3,50,75,-0.193709580297184,0.0466666666666667
6,2,0,0.3,0.3,70,75,0.0629657320668744,0.416666666666667
6,2,0.3,0.3,0.3,70,75,-0.299471950708013,0
6,2,0,0.3,0.3,90,75,-0.0215113257080334,0.773333333333333
6,2,0.3,0.3,0.3,90,75,-0.287917545769566,0
6,2,0,0.3,0.3,110,75,0.0130577367623111,0.85
6,2,0.3,0.3,0.3,110,75,-0.172701936720563,0.0166666666666667
6,2,0,0.3,0.3,10,76,-0.177088895499695,0.453333333333333
6,2,0.3,0.3,0.3,10,76,-0.323221251604208,0.17
6,2,0,0.3,0.3,30,76,-0.0731554625631738,0.506666666666667
6,2,0.3,0.3,0.3,30,76,-0.442612408793026,0.00333333333333333
6,2,0,0.3,0.3,50,76,0.00902051872123689,0.93
6,2,0.3,0.3,0.3,50,76,-0.499567844703325,0
6,2,0,0.3,0.3,70,76,-0.0744537144903537,0.346666666666667
6,2,0.3,0.3,0.3,70,76,-0.524850576592846,0
6,2,0,0.3,0.3,90,76,-0.106328089091615,0.17
6,2,0.3,0.3,0.3,90,76,-0.266833643357107,0.00333333333333333
6,2,0,0.3,0.3,110,76,0.0493242716167832,0.506666666666667
6,2,0.3,0.3,0.3,110,76,-0.345311151503026,0
6,2,0,0.3,0.3,10,77,-0.080550257865398,0.756666666666667
6,2,0.3,0.3,0.3,10,77,-0.213469935562006,0.343333333333333
6,2,0,0.3,0.3,30,77,0.0756852770039455,0.56
6,2,0.3,0.3,0.3,30,77,-0.299017825359229,0.03
6,2,0,0.3,0.3,50,77,-0.136972899701421,0.213333333333333
6,2,0.3,0.3,0.3,50,77,-0.125371948417036,0.213333333333333
6,2,0,0.3,0.3,70,77,-0.0851489398422985,0.303333333333333
6,2,0.3,0.3,0.3,70,77,-0.32941606444887,0
6,2,0,0.3,0.3,90,77,0.140805131964963,0.0866666666666667
6,2,0.3,0.3,0.3,90,77,-0.277690655746293,0
6,2,0,0.3,0.3,110,77,0.142211985923449,0.0466666666666667
6,2,0.3,0.3,0.3,110,77,-0.375554874100807,0
6,2,0,0.3,0.3,10,78,0.116197448431848,0.593333333333333
6,2,0.3,0.3,0.3,10,78,-0.309003950766461,0.18
6,2,0,0.3,0.3,30,78,-0.227585018739372,0.0866666666666667
6,2,0.3,0.3,0.3,30,78,-0.476259058572152,0
6,2,0,0.3,0.3,50,78,-0.0718401163311519,0.46
6,2,0.3,0.3,0.3,50,78,-0.351415444750753,0.00333333333333333
6,2,0,0.3,0.3,70,78,0.0283484989270165,0.75
6,2,0.3,0.3,0.3,70,78,-0.38246632033397,0
6,2,0,0.3,0.3,90,78,0.00247345946624607,0.97
6,2,0.3,0.3,0.3,90,78,-0.19540381717164,0.02
6,2,0,0.3,0.3,110,78,0.121353258385724,0.0666666666666667
6,2,0.3,0.3,0.3,110,78,-0.321735880445527,0
6,2,0,0.3,0.3,10,79,0.0173408904665406,0.92
6,2,0.3,0.3,0.3,10,79,-0.300030730665045,0.196666666666667
6,2,0,0.3,0.3,30,79,0.0215722001110443,0.863333333333333
6,2,0.3,0.3,0.3,30,79,-0.112928342784899,0.43
6,2,0,0.3,0.3,50,79,-0.00614942795940204,0.943333333333333
6,2,0.3,0.3,0.3,50,79,-0.295110723418997,0.00666666666666667
6,2,0,0.3,0.3,70,79,-0.167743605328134,0.0533333333333333
6,2,0.3,0.3,0.3,70,79,-0.443244026751545,0
6,2,0,0.3,0.3,90,79,0.0173251292895698,0.793333333333333
6,2,0.3,0.3,0.3,90,79,-0.417703599863282,0
6,2,0,0.3,0.3,110,79,0.0223655505607655,0.723333333333333
6,2,0.3,0.3,0.3,110,79,-0.419942858011177,0
6,2,0,0.3,0.3,10,80,0.62211780968156,0.0166666666666667
6,2,0.3,0.3,0.3,10,80,-0.309177847934633,0.2
6,2,0,0.3,0.3,30,80,-0.173106213250953,0.206666666666667
6,2,0.3,0.3,0.3,30,80,-0.190721423717169,0.153333333333333
6,2,0,0.3,0.3,50,80,0.0619475270589789,0.566666666666667
6,2,0.3,0.3,0.3,50,80,-0.352966133281189,0.00333333333333333
6,2,0,0.3,0.3,70,80,-0.082310394972523,0.37
6,2,0.3,0.3,0.3,70,80,-0.419304019950445,0
6,2,0,0.3,0.3,90,80,0.0433588179586253,0.596666666666667
6,2,0.3,0.3,0.3,90,80,-0.281075340804001,0.00333333333333333
6,2,0,0.3,0.3,110,80,-0.00367255022924578,0.953333333333333
6,2,0.3,0.3,0.3,110,80,-0.141455916747979,0.04
6,2,0,0.3,0.3,10,81,-0.360162900515414,0.133333333333333
6,2,0.3,0.3,0.3,10,81,0.0686137949212209,0.73
6,2,0,0.3,0.3,30,81,-0.0299344133462751,0.833333333333333
6,2,0.3,0.3,0.3,30,81,-0.286439255338935,0.0233333333333333
6,2,0,0.3,0.3,50,81,-0.00539563958932412,0.956666666666667
6,2,0.3,0.3,0.3,50,81,-0.266732490536668,0.00666666666666667
6,2,0,0.3,0.3,70,81,-0.155255871412818,0.0566666666666667
6,2,0.3,0.3,0.3,70,81,-0.360800276584601,0
6,2,0,0.3,0.3,90,81,-0.0804917246738042,0.283333333333333
6,2,0.3,0.3,0.3,90,81,-0.327323089668148,0
6,2,0,0.3,0.3,110,81,-0.0846264665372399,0.273333333333333
6,2,0.3,0.3,0.3,110,81,-0.347559389208802,0
6,2,0,0.3,0.3,10,82,-0.0706104492537728,0.776666666666667
6,2,0.3,0.3,0.3,10,82,-0.271686965857288,0.253333333333333
6,2,0,0.3,0.3,30,82,-0.0684958084800469,0.59
6,2,0.3,0.3,0.3,30,82,0.0407828240771292,0.8
6,2,0,0.3,0.3,50,82,0.111859229141104,0.27
6,2,0.3,0.3,0.3,50,82,-0.392997563829405,0
6,2,0,0.3,0.3,70,82,0.0725381978828472,0.36
6,2,0.3,0.3,0.3,70,82,-0.230797292583028,0.02
6,2,0,0.3,0.3,90,82,0.0258909925111883,0.743333333333333
6,2,0.3,0.3,0.3,90,82,-0.36616706329122,0
6,2,0,0.3,0.3,110,82,0.0101881470512098,0.866666666666667
6,2,0.3,0.3,0.3,110,82,-0.322742248269638,0
6,2,0,0.3,0.3,10,83,0.381888566732559,0.09
6,2,0.3,0.3,0.3,10,83,-0.387798410959501,0.0733333333333333
6,2,0,0.3,0.3,30,83,0.215800904502785,0.0966666666666667
6,2,0.3,0.3,0.3,30,83,-0.692979669732979,0
6,2,0,0.3,0.3,50,83,0.00684588710961545,0.956666666666667
6,2,0.3,0.3,0.3,50,83,-0.440167438996082,0
6,2,0,0.3,0.3,70,83,0.0703005094186819,0.426666666666667
6,2,0.3,0.3,0.3,70,83,-0.353162687288487,0
6,2,0,0.3,0.3,90,83,-0.123087861107035,0.13
6,2,0.3,0.3,0.3,90,83,-0.259630375972953,0
6,2,0,0.3,0.3,110,83,-0.0244293183503712,0.723333333333333
6,2,0.3,0.3,0.3,110,83,-0.361247670900784,0
6,2,0,0.3,0.3,10,84,0.0313502001849034,0.933333333333333
6,2,0.3,0.3,0.3,10,84,-0.568485947264264,0.04
6,2,0,0.3,0.3,30,84,0.0360563255034524,0.823333333333333
6,2,0.3,0.3,0.3,30,84,-0.310730460527263,0.0266666666666667
6,2,0,0.3,0.3,50,84,0.0936383611647692,0.403333333333333
6,2,0.3,0.3,0.3,50,84,-0.455170448408253,0
6,2,0,0.3,0.3,70,84,0.0580465979572457,0.496666666666667
6,2,0.3,0.3,0.3,70,84,-0.316696717842734,0
6,2,0,0.3,0.3,90,84,-0.0374642178048783,0.573333333333333
6,2,0.3,0.3,0.3,90,84,-0.243760827193504,0.00333333333333333
6,2,0,0.3,0.3,110,84,-0.0808724584714852,0.303333333333333
6,2,0.3,0.3,0.3,110,84,-0.20490228314044,0.00666666666666667
6,2,0,0.3,0.3,10,85,0.450706005223206,0.0466666666666667
6,2,0.3,0.3,0.3,10,85,-0.305473749677675,0.173333333333333
6,2,0,0.3,0.3,30,85,-0.0928445889903463,0.466666666666667
6,2,0.3,0.3,0.3,30,85,-0.30486667969013,0.0266666666666667
6,2,0,0.3,0.3,50,85,0.0631404035512124,0.523333333333333
6,2,0.3,0.3,0.3,50,85,-0.357603318463591,0.00333333333333333
6,2,0,0.3,0.3,70,85,0.236872884260903,0.01
6,2,0.3,0.3,0.3,70,85,-0.390804457092031,0
6,2,0,0.3,0.3,90,85,-0.0145840956168626,0.87
6,2,0.3,0.3,0.3,90,85,-0.197813362697127,0.0166666666666667
6,2,0,0.3,0.3,110,85,0.146247465195092,0.02
6,2,0.3,0.3,0.3,110,85,-0.271737581233196,0
6,2,0,0.3,0.3,10,86,0.390869906415817,0.126666666666667
6,2,0.3,0.3,0.3,10,86,-0.0376673033889114,0.86
6,2,0,0.3,0.3,30,86,0.105378798082517,0.496666666666667
6,2,0.3,0.3,0.3,30,86,-0.344882956478166,0.01
6,2,0,0.3,0.3,50,86,0.0866959703647851,0.35
6,2,0.3,0.3,0.3,50,86,-0.172837579460721,0.106666666666667
6,2,0,0.3,0.3,70,86,-0.0548958091349839,0.473333333333333
6,2,0.3,0.3,0.3,70,86,-0.188434877504058,0.0266666666666667
6,2,0,0.3,0.3,90,86,-0.042239374407512,0.596666666666667
6,2,0.3,0.3,0.3,90,86,-0.282542984108125,0
6,2,0,0.3,0.3,110,86,-0.018891743357296,0.793333333333333
6,2,0.3,0.3,0.3,110,86,-0.30698032962678,0
6,2,0,0.3,0.3,10,87,-0.278164186518099,0.24
6,2,0.3,0.3,0.3,10,87,0.424169326907209,0.05
6,2,0,0.3,0.3,30,87,0.0597705705446406,0.653333333333333
6,2,0.3,0.3,0.3,30,87,-0.236937523259099,0.08
6,2,0,0.3,0.3,50,87,0.0721667424397583,0.45
6,2,0.3,0.3,0.3,50,87,-0.482235454378192,0
6,2,0,0.3,0.3,70,87,-0.00544583921115512,0.953333333333333
6,2,0.3,0.3,0.3,70,87,-0.374829029051909,0
6,2,0,0.3,0.3,90,87,-0.0701836423489544,0.31
6,2,0.3,0.3,0.3,90,87,-0.180281884194282,0.0233333333333333
6,2,0,0.3,0.3,110,87,0.0754914777130492,0.313333333333333
6,2,0.3,0.3,0.3,110,87,-0.228522703850643,0.00666666666666667
6,2,0,0.3,0.3,10,88,0.0871023509616538,0.716666666666667
6,2,0.3,0.3,0.3,10,88,-0.369036036397929,0.0833333333333333
6,2,0,0.3,0.3,30,88,-0.0518544688169388,0.64
6,2,0.3,0.3,0.3,30,88,-0.249538224015342,0.08
6,2,0,0.3,0.3,50,88,-0.0677919906360438,0.433333333333333
6,2,0.3,0.3,0.3,50,88,-0.206004315388791,0.04
6,2,0,0.3,0.3,70,88,0.137770343317783,0.113333333333333
6,2,0.3,0.3,0.3,70,88,-0.243018303097956,0.00666666666666667
6,2,0,0.3,0.3,90,88,0.0108059869861024,0.886666666666667
6,2,0.3,0.3,0.3,90,88,-0.311981642244493,0
6,2,0,0.3,0.3,110,88,-0.168739345584716,0.03
6,2,0.3,0.3,0.3,110,88,-0.284290162660541,0
6,2,0,0.3,0.3,10,89,0.329689967423831,0.156666666666667
6,2,0.3,0.3,0.3,10,89,-0.284261355308652,0.25
6,2,0,0.3,0.3,30,89,-0.0499246683936611,0.713333333333333
6,2,0.3,0.3,0.3,30,89,-0.172635894740608,0.17
6,2,0,0.3,0.3,50,89,0.0165120415632376,0.906666666666667
6,2,0.3,0.3,0.3,50,89,-0.380902641423568,0
6,2,0,0.3,0.3,70,89,-0.188135929771698,0.0466666666666667
6,2,0.3,0.3,0.3,70,89,-0.270510348182629,0
6,2,0,0.3,0.3,90,89,-0.0353186731415782,0.643333333333333
6,2,0.3,0.3,0.3,90,89,-0.280813384054461,0
6,2,0,0.3,0.3,110,89,-0.0010897552841578,0.986666666666667
6,2,0.3,0.3,0.3,110,89,-0.418267528903946,0
6,2,0,0.3,0.3,10,90,0.174000798515026,0.48
6,2,0.3,0.3,0.3,10,90,-0.206998300692942,0.44
6,2,0,0.3,0.3,30,90,0.0300863303308573,0.793333333333333
6,2,0.3,0.3,0.3,30,90,-0.478684946155531,0
6,2,0,0.3,0.3,50,90,0.172544608982401,0.09
6,2,0.3,0.3,0.3,50,90,-0.27825670057747,0.00666666666666667
6,2,0,0.3,0.3,70,90,-0.0517907180041545,0.51
6,2,0.3,0.3,0.3,70,90,-0.170451145354498,0.0733333333333333
6,2,0,0.3,0.3,90,90,-0.0703613001771775,0.363333333333333
6,2,0.3,0.3,0.3,90,90,-0.320545840697885,0
6,2,0,0.3,0.3,110,90,-0.0305200790326896,0.676666666666667
6,2,0.3,0.3,0.3,110,90,-0.342656629721273,0
6,2,0,0.3,0.3,10,91,-0.224640836544629,0.37
6,2,0.3,0.3,0.3,10,91,-0.18806074466718,0.446666666666667
6,2,0,0.3,0.3,30,91,0.174124032424633,0.203333333333333
6,2,0.3,0.3,0.3,30,91,-0.0719686010018638,0.573333333333333
6,2,0,0.3,0.3,50,91,-0.05097814556136,0.65
6,2,0.3,0.3,0.3,50,91,-0.276160690809383,0.01
6,2,0,0.3,0.3,70,91,0.0395336374584421,0.64
6,2,0.3,0.3,0.3,70,91,-0.230250069271105,0.0233333333333333
6,2,0,0.3,0.3,90,91,-0.0636256443396141,0.4
6,2,0.3,0.3,0.3,90,91,-0.302204180121154,0
6,2,0,0.3,0.3,110,91,-0.00481324081541029,0.923333333333333
6,2,0.3,0.3,0.3,110,91,-0.467162479795992,0
6,2,0,0.3,0.3,10,92,0.231206438646981,0.336666666666667
6,2,0.3,0.3,0.3,10,92,-0.034275448327102,0.89
6,2,0,0.3,0.3,30,92,-0.0462531584322707,0.706666666666667
6,2,0.3,0.3,0.3,30,92,-0.4071207403284,0
6,2,0,0.3,0.3,50,92,-0.00690102931913374,0.933333333333333
6,2,0.3,0.3,0.3,50,92,-0.223510980698359,0.05
6,2,0,0.3,0.3,70,92,-0.0194645053308217,0.796666666666667
6,2,0.3,0.3,0.3,70,92,-0.276594676014147,0.00333333333333333
6,2,0,0.3,0.3,90,92,0.140574088636956,0.0666666666666667
6,2,0.3,0.3,0.3,90,92,-0.216318685734897,0.00666666666666667
6,2,0,0.3,0.3,110,92,-0.0303559656931428,0.703333333333333
6,2,0.3,0.3,0.3,110,92,-0.324141640521872,0
6,2,0,0.3,0.3,10,93,0.108009472407333,0.636666666666667
6,2,0.3,0.3,0.3,10,93,-0.299101947074722,0.2
6,2,0,0.3,0.3,30,93,0.0314477877703091,0.84
6,2,0.3,0.3,0.3,30,93,-0.20313071245557,0.146666666666667
6,2,0,0.3,0.3,50,93,-0.0541132242422886,0.653333333333333
6,2,0.3,0.3,0.3,50,93,-0.300029108293473,0.0133333333333333
6,2,0,0.3,0.3,70,93,0.0424506179960391,0.596666666666667
6,2,0.3,0.3,0.3,70,93,-0.339944580254682,0
6,2,0,0.3,0.3,90,93,0.0214227077591998,0.83
6,2,0.3,0.3,0.3,90,93,-0.17887483242199,0.0166666666666667
6,2,0,0.3,0.3,110,93,0.0506366953509369,0.51
6,2,0.3,0.3,0.3,110,93,-0.308058507525852,0
6,2,0,0.3,0.3,10,94,-0.115155025475514,0.623333333333333
6,2,0.3,0.3,0.3,10,94,-0.221689538544701,0.35
6,2,0,0.3,0.3,30,94,0.0622220132119362,0.656666666666667
6,2,0.3,0.3,0.3,30,94,-0.302577147168508,0.01
6,2,0,0.3,0.3,50,94,-0.0699045813864705,0.553333333333333
6,2,0.3,0.3,0.3,50,94,-0.411098539824663,0
6,2,0,0.3,0.3,70,94,0.00898416668924757,0.906666666666667
6,2,0.3,0.3,0.3,70,94,-0.260791259494729,0.0133333333333333
6,2,0,0.3,0.3,90,94,-0.0689302596463346,0.39
6,2,0.3,0.3,0.3,90,94,-0.257845085473794,0
6,2,0,0.3,0.3,110,94,0.033007507415535,0.616666666666667
6,2,0.3,0.3,0.3,110,94,-0.283083323523398,0
6,2,0,0.3,0.3,10,95,-0.374089056922621,0.126666666666667
6,2,0.3,0.3,0.3,10,95,-0.846673982819335,0
6,2,0,0.3,0.3,30,95,0.11970408737955,0.38
6,2,0.3,0.3,0.3,30,95,-0.152114622198522,0.256666666666667
6,2,0,0.3,0.3,50,95,0.116899700355868,0.283333333333333
6,2,0.3,0.3,0.3,50,95,-0.373539832693211,0
6,2,0,0.3,0.3,70,95,-0.0762659062620137,0.436666666666667
6,2,0.3,0.3,0.3,70,95,-0.251738883234588,0.00333333333333333
6,2,0,0.3,0.3,90,95,-0.0886234727171329,0.276666666666667
6,2,0.3,0.3,0.3,90,95,-0.0913742456865645,0.233333333333333
6,2,0,0.3,0.3,110,95,0.00531606830690921,0.946666666666667
6,2,0.3,0.3,0.3,110,95,-0.119880120129078,0.11
6,2,0,0.3,0.3,10,96,0.474602388936632,0.0433333333333333
6,2,0.3,0.3,0.3,10,96,-0.383183304439193,0.106666666666667
6,2,0,0.3,0.3,30,96,0.196847720477064,0.15
6,2,0.3,0.3,0.3,30,96,-0.299794471221976,0.0266666666666667
6,2,0,0.3,0.3,50,96,0.262379325000034,0.02
6,2,0.3,0.3,0.3,50,96,-0.313411277263308,0.00666666666666667
6,2,0,0.3,0.3,70,96,-0.0362187122926163,0.666666666666667
6,2,0.3,0.3,0.3,70,96,-0.460408243534073,0
6,2,0,0.3,0.3,90,96,-0.180903054592901,0.0133333333333333
6,2,0.3,0.3,0.3,90,96,-0.161725235682273,0.0633333333333333
6,2,0,0.3,0.3,110,96,-0.111911862665945,0.11
6,2,0.3,0.3,0.3,110,96,-0.338960876657046,0
6,2,0,0.3,0.3,10,97,0.0737633107039575,0.73
6,2,0.3,0.3,0.3,10,97,0.134564556485177,0.53
6,2,0,0.3,0.3,30,97,-0.0248820085795527,0.86
6,2,0.3,0.3,0.3,30,97,-0.344713034722755,0.02
6,2,0,0.3,0.3,50,97,-0.0432761383117609,0.666666666666667
6,2,0.3,0.3,0.3,50,97,-0.216730276416259,0.0433333333333333
6,2,0,0.3,0.3,70,97,0.0364016441305214,0.653333333333333
6,2,0.3,0.3,0.3,70,97,-0.323520318476304,0.00666666666666667
6,2,0,0.3,0.3,90,97,0.0193185636204532,0.786666666666667
6,2,0.3,0.3,0.3,90,97,-0.53930930415465,0
6,2,0,0.3,0.3,110,97,0.00724272218963524,0.933333333333333
6,2,0.3,0.3,0.3,110,97,-0.278363270277871,0
6,2,0,0.3,0.3,10,98,-0.174836574305242,0.473333333333333
6,2,0.3,0.3,0.3,10,98,-0.0383424417624349,0.84
6,2,0,0.3,0.3,30,98,0.0176661727981206,0.88
6,2,0.3,0.3,0.3,30,98,-0.301436423853975,0.0266666666666667
6,2,0,0.3,0.3,50,98,0.0624484406576682,0.54
6,2,0.3,0.3,0.3,50,98,-0.0936489240138438,0.383333333333333
6,2,0,0.3,0.3,70,98,0.045036170106849,0.59
6,2,0.3,0.3,0.3,70,98,-0.319156290379938,0
6,2,0,0.3,0.3,90,98,0.0185241926083152,0.813333333333333
6,2,0.3,0.3,0.3,90,98,-0.354987742868514,0
6,2,0,0.3,0.3,110,98,0.15382861545625,0.0166666666666667
6,2,0.3,0.3,0.3,110,98,-0.391469895060824,0
6,2,0,0.3,0.3,10,99,-0.22633430949948,0.376666666666667
6,2,0.3,0.3,0.3,10,99,-0.117261520876289,0.623333333333333
6,2,0,0.3,0.3,30,99,0.203725649038697,0.113333333333333
6,2,0.3,0.3,0.3,30,99,-0.222171960602686,0.123333333333333
6,2,0,0.3,0.3,50,99,-0.139599864395534,0.223333333333333
6,2,0.3,0.3,0.3,50,99,-0.364903870025644,0
6,2,0,0.3,0.3,70,99,-0.051656824816451,0.52
6,2,0.3,0.3,0.3,70,99,-0.133277300698162,0.143333333333333
6,2,0,0.3,0.3,90,99,0.0637196734782825,0.42
6,2,0.3,0.3,0.3,90,99,-0.359985509838578,0
6,2,0,0.3,0.3,110,99,-0.0756052727371996,0.286666666666667
6,2,0.3,0.3,0.3,110,99,-0.332412836375969,0
6,2,0,0.3,0.3,10,100,0.164358264326683,0.473333333333333
6,2,0.3,0.3,0.3,10,100,0.17471549912896,0.416666666666667
6,2,0,0.3,0.3,30,100,-0.274340361968324,0.03
6,2,0.3,0.3,0.3,30,100,-0.153763583972434,0.27
6,2,0,0.3,0.3,50,100,0.163740905974971,0.113333333333333
6,2,0.3,0.3,0.3,50,100,-0.355760843585623,0
6,2,0,0.3,0.3,70,100,-0.0229327429951682,0.82
6,2,0.3,0.3,0.3,70,100,-0.174294190335867,0.0566666666666667
6,2,0,0.3,0.3,90,100,-0.0721996228929765,0.29
6,2,0.3,0.3,0.3,90,100,-0.125546392908109,0.0966666666666667
6,2,0,0.3,0.3,110,100,-0.128036991438476,0.0833333333333333
6,2,0.3,0.3,0.3,110,100,-0.239003893790254,0
6,2,0,0.3,0.3,10,101,-0.0207990362563748,0.94
6,2,0.3,0.3,0.3,10,101,-0.517809768104941,0.02
6,2,0,0.3,0.3,30,101,-0.0526109168264979,0.703333333333333
6,2,0.3,0.3,0.3,30,101,-0.229961621530524,0.113333333333333
6,2,0,0.3,0.3,50,101,0.0133564818621888,0.896666666666667
6,2,0.3,0.3,0.3,50,101,-0.286534739395356,0.00333333333333333
6,2,0,0.3,0.3,70,101,0.068958891577682,0.423333333333333
6,2,0.3,0.3,0.3,70,101,-0.180291688202013,0.0533333333333333
6,2,0,0.3,0.3,90,101,-0.0623195650402317,0.446666666666667
6,2,0.3,0.3,0.3,90,101,-0.386495240467495,0
6,2,0,0.3,0.3,110,101,-0.00783176815452636,0.913333333333333
6,2,0.3,0.3,0.3,110,101,-0.279505458379167,0
6,2,0,0.3,0.3,10,102,0.0468826863719156,0.843333333333333
6,2,0.3,0.3,0.3,10,102,-0.162183395606865,0.546666666666667
6,2,0,0.3,0.3,30,102,-0.150064043782122,0.273333333333333
6,2,0.3,0.3,0.3,30,102,-0.403383480515515,0
6,2,0,0.3,0.3,50,102,0.0742740920571641,0.486666666666667
6,2,0.3,0.3,0.3,50,102,-0.425464679519728,0
6,2,0,0.3,0.3,70,102,0.138528688032196,0.123333333333333
6,2,0.3,0.3,0.3,70,102,-0.312749862655031,0
6,2,0,0.3,0.3,90,102,-0.0687254866295874,0.396666666666667
6,2,0.3,0.3,0.3,90,102,-0.155221065970918,0.0533333333333333
6,2,0,0.3,0.3,110,102,0.0305074797858322,0.716666666666667
6,2,0.3,0.3,0.3,110,102,-0.265589060846661,0
6,2,0,0.3,0.3,10,103,0.0741155209977881,0.773333333333333
6,2,0.3,0.3,0.3,10,103,-0.570509804073334,0.01
6,2,0,0.3,0.3,30,103,-0.0915299847521991,0.413333333333333
6,2,0.3,0.3,0.3,30,103,-0.413951053751102,0.00333333333333333
6,2,0,0.3,0.3,50,103,0.253827285500737,0.01
6,2,0.3,0.3,0.3,50,103,-0.280278772623151,0.00666666666666667
6,2,0,0.3,0.3,70,103,-0.0542906054294113,0.526666666666667
6,2,0.3,0.3,0.3,70,103,-0.264370296491505,0
6,2,0,0.3,0.3,90,103,0.145388870715347,0.0733333333333333
6,2,0.3,0.3,0.3,90,103,-0.285751061523898,0
6,2,0,0.3,0.3,110,103,0.0681750895158695,0.276666666666667
6,2,0.3,0.3,0.3,110,103,-0.138817216147287,0.0433333333333333
6,2,0,0.3,0.3,10,104,-0.0664712979881135,0.79
6,2,0.3,0.3,0.3,10,104,-0.226628483657678,0.3
6,2,0,0.3,0.3,30,104,0.0230554967089344,0.816666666666667
6,2,0.3,0.3,0.3,30,104,-0.125702812039943,0.353333333333333
6,2,0,0.3,0.3,50,104,0.20768643822183,0.05
6,2,0.3,0.3,0.3,50,104,-0.186012791152397,0.0833333333333333
6,2,0,0.3,0.3,70,104,0.0314826192750835,0.676666666666667
6,2,0.3,0.3,0.3,70,104,-0.188950078701459,0.0333333333333333
6,2,0,0.3,0.3,90,104,-0.011688443783472,0.913333333333333
6,2,0.3,0.3,0.3,90,104,-0.462058933486619,0
6,2,0,0.3,0.3,110,104,-0.15932425171985,0.0233333333333333
6,2,0.3,0.3,0.3,110,104,-0.467696315153493,0
6,2,0,0.3,0.3,10,105,0.0643480561992794,0.773333333333333
6,2,0.3,0.3,0.3,10,105,-0.264192723370341,0.31
6,2,0,0.3,0.3,30,105,0.358334332042577,0
6,2,0.3,0.3,0.3,30,105,-0.373559740929208,0
6,2,0,0.3,0.3,50,105,0.000261360284411663,0.996666666666667
6,2,0.3,0.3,0.3,50,105,-0.543376173696593,0
6,2,0,0.3,0.3,70,105,-0.0937089778774054,0.273333333333333
6,2,0.3,0.3,0.3,70,105,-0.230334927160523,0.01
6,2,0,0.3,0.3,90,105,0.13324472000612,0.0966666666666667
6,2,0.3,0.3,0.3,90,105,-0.332546218835708,0
6,2,0,0.3,0.3,110,105,0.197924825357029,0.00333333333333333
6,2,0.3,0.3,0.3,110,105,-0.369178563225375,0
6,2,0,0.3,0.3,10,106,-0.35744049437722,0.14
6,2,0.3,0.3,0.3,10,106,-0.390815232188605,0.103333333333333
6,2,0,0.3,0.3,30,106,0.13164204154791,0.243333333333333
6,2,0.3,0.3,0.3,30,106,-0.379090466247844,0.01
6,2,0,0.3,0.3,50,106,-0.00580894724752585,0.943333333333333
6,2,0.3,0.3,0.3,50,106,-0.274997751500162,0.01
6,2,0,0.3,0.3,70,106,0.204267321277829,0.0266666666666667
6,2,0.3,0.3,0.3,70,106,-0.363589282641389,0
6,2,0,0.3,0.3,90,106,-0.00693994952277692,0.93
6,2,0.3,0.3,0.3,90,106,-0.252187320119908,0.00666666666666667
6,2,0,0.3,0.3,110,106,-0.114314807820435,0.0966666666666667
6,2,0.3,0.3,0.3,110,106,-0.208702687346597,0.0133333333333333
6,2,0,0.3,0.3,10,107,-0.286720657911642,0.193333333333333
6,2,0.3,0.3,0.3,10,107,-0.440498886992664,0.04
6,2,0,0.3,0.3,30,107,-0.136745551882316,0.303333333333333
6,2,0.3,0.3,0.3,30,107,-0.462790597597029,0
6,2,0,0.3,0.3,50,107,-0.0198796838963139,0.856666666666667
6,2,0.3,0.3,0.3,50,107,-0.205559152703818,0.0666666666666667
6,2,0,0.3,0.3,70,107,-0.0398653863351495,0.646666666666667
6,2,0.3,0.3,0.3,70,107,-0.358393131547106,0
6,2,0,0.3,0.3,90,107,-0.00959623497132572,0.89
6,2,0.3,0.3,0.3,90,107,-0.45079838252594,0
6,2,0,0.3,0.3,110,107,-0.134956598792337,0.05
6,2,0.3,0.3,0.3,110,107,-0.34659720844834,0
6,2,0,0.3,0.3,10,108,-0.128725815331611,0.586666666666667
6,2,0.3,0.3,0.3,10,108,-0.374552423237807,0.153333333333333
6,2,0,0.3,0.3,30,108,0.125184587603652,0.31
6,2,0.3,0.3,0.3,30,108,-0.373273523385219,0.00666666666666667
6,2,0,0.3,0.3,50,108,-0.0640525736786619,0.556666666666667
6,2,0.3,0.3,0.3,50,108,-0.287877862729051,0.00666666666666667
6,2,0,0.3,0.3,70,108,0.029666261016083,0.686666666666667
6,2,0.3,0.3,0.3,70,108,-0.38252838747386,0
6,2,0,0.3,0.3,90,108,-0.0618394620189948,0.403333333333333
6,2,0.3,0.3,0.3,90,108,-0.189501856895995,0.0166666666666667
6,2,0,0.3,0.3,110,108,-0.0571265414827053,0.383333333333333
6,2,0.3,0.3,0.3,110,108,-0.414004971712975,0
6,2,0,0.3,0.3,10,109,0.0953254022327927,0.683333333333333
6,2,0.3,0.3,0.3,10,109,0.0261191452670858,0.89
6,2,0,0.3,0.3,30,109,0.190744208322508,0.116666666666667
6,2,0.3,0.3,0.3,30,109,-0.151496386096354,0.246666666666667
6,2,0,0.3,0.3,50,109,-0.119909691847074,0.263333333333333
6,2,0.3,0.3,0.3,50,109,-0.266879033783186,0
6,2,0,0.3,0.3,70,109,0.109939896690164,0.16
6,2,0.3,0.3,0.3,70,109,-0.280981058987913,0.00333333333333333
6,2,0,0.3,0.3,90,109,-0.062204919687041,0.41
6,2,0.3,0.3,0.3,90,109,-0.32579187435129,0
6,2,0,0.3,0.3,110,109,0.0223458536061336,0.743333333333333
6,2,0.3,0.3,0.3,110,109,-0.320425878324201,0
6,2,0,0.3,0.3,10,110,0.227239589012189,0.34
6,2,0.3,0.3,0.3,10,110,-0.863150321474211,0
6,2,0,0.3,0.3,30,110,-0.00639390289123319,0.946666666666667
6,2,0.3,0.3,0.3,30,110,-0.383060341331923,0.00666666666666667
6,2,0,0.3,0.3,50,110,-0.0915320941942159,0.35
6,2,0.3,0.3,0.3,50,110,-0.284948207478052,0.01
6,2,0,0.3,0.3,70,110,-0.023761928026897,0.733333333333333
6,2,0.3,0.3,0.3,70,110,-0.469939296876245,0
6,2,0,0.3,0.3,90,110,-0.0558061028778716,0.5
6,2,0.3,0.3,0.3,90,110,-0.306967677495081,0
6,2,0,0.3,0.3,110,110,0.0453089377138442,0.513333333333333
6,2,0.3,0.3,0.3,110,110,-0.206678226111768,0.0133333333333333
6,2,0,0.3,0.3,10,111,0.0518195257473699,0.803333333333333
6,2,0.3,0.3,0.3,10,111,-0.528789845549431,0.0166666666666667
6,2,0,0.3,0.3,30,111,-0.0139898678373809,0.933333333333333
6,2,0.3,0.3,0.3,30,111,-0.298254299299927,0.0266666666666667
6,2,0,0.3,0.3,50,111,0.00262662683055031,0.976666666666667
6,2,0.3,0.3,0.3,50,111,-0.354966728496363,0
6,2,0,0.3,0.3,70,111,0.0396215747928333,0.64
6,2,0.3,0.3,0.3,70,111,-0.347223662644763,0
6,2,0,0.3,0.3,90,111,-0.0207536945816796,0.806666666666667
6,2,0.3,0.3,0.3,90,111,-0.565322825942391,0
6,2,0,0.3,0.3,110,111,0.0684757867322956,0.33
6,2,0.3,0.3,0.3,110,111,-0.232347384976255,0.00666666666666667
6,2,0,0.3,0.3,10,112,-0.414848645479588,0.0766666666666667
6,2,0.3,0.3,0.3,10,112,-0.0966118777149008,0.696666666666667
6,2,0,0.3,0.3,30,112,0.129225790881682,0.37
6,2,0.3,0.3,0.3,30,112,-0.631802275434927,0
6,2,0,0.3,0.3,50,112,-0.0132994453076628,0.903333333333333
6,2,0.3,0.3,0.3,50,112,-0.310203460980588,0.00333333333333333
6,2,0,0.3,0.3,70,112,-0.215194085015362,0.0233333333333333
6,2,0.3,0.3,0.3,70,112,-0.369124162916424,0
6,2,0,0.3,0.3,90,112,-0.000748237769720124,0.996666666666667
6,2,0.3,0.3,0.3,90,112,-0.421781618958183,0
6,2,0,0.3,0.3,110,112,-0.0397516872069233,0.583333333333333
6,2,0.3,0.3,0.3,110,112,-0.443574750600944,0
6,2,0,0.3,0.3,10,113,-0.0682869130633914,0.763333333333333
6,2,0.3,0.3,0.3,10,113,-0.592040541256061,0.0133333333333333
6,2,0,0.3,0.3,30,113,0.24826884974052,0.0833333333333333
6,2,0.3,0.3,0.3,30,113,-0.450418065298118,0
6,2,0,0.3,0.3,50,113,-0.124685936232546,0.25
6,2,0.3,0.3,0.3,50,113,-0.257284333691852,0.0166666666666667
6,2,0,0.3,0.3,70,113,-0.0462148710390077,0.586666666666667
6,2,0.3,0.3,0.3,70,113,-0.326699320346866,0
6,2,0,0.3,0.3,90,113,0.00745129070197659,0.93
6,2,0.3,0.3,0.3,90,113,-0.360561535596598,0
6,2,0,0.3,0.3,110,113,-0.0101756913854179,0.903333333333333
6,2,0.3,0.3,0.3,110,113,-0.324936371575214,0
6,2,0,0.3,0.3,10,114,-0.0335434835364652,0.886666666666667
6,2,0.3,0.3,0.3,10,114,-0.328265220962105,0.186666666666667
6,2,0,0.3,0.3,30,114,0.130981396889353,0.3
6,2,0.3,0.3,0.3,30,114,-0.282396799989322,0.0433333333333333
6,2,0,0.3,0.3,50,114,0.017192778657735,0.836666666666667
6,2,0.3,0.3,0.3,50,114,-0.447419190028072,0
6,2,0,0.3,0.3,70,114,-0.0386570446230818,0.656666666666667
6,2,0.3,0.3,0.3,70,114,-0.194234276988782,0.02
6,2,0,0.3,0.3,90,114,-0.0926632723981518,0.24
6,2,0.3,0.3,0.3,90,114,-0.312717731651966,0
6,2,0,0.3,0.3,110,114,-0.0580744235146557,0.45
6,2,0.3,0.3,0.3,110,114,-0.344977322821843,0
6,2,0,0.3,0.3,10,115,0.147873484741473,0.57
6,2,0.3,0.3,0.3,10,115,-0.345790366237801,0.16
6,2,0,0.3,0.3,30,115,-0.0264650494264947,0.853333333333333
6,2,0.3,0.3,0.3,30,115,-0.32055138371814,0.03
6,2,0,0.3,0.3,50,115,0.022682272005099,0.793333333333333
6,2,0.3,0.3,0.3,50,115,-0.292038021133425,0.00666666666666667
6,2,0,0.3,0.3,70,115,-0.0568432494011646,0.513333333333333
6,2,0.3,0.3,0.3,70,115,-0.438753187957714,0
6,2,0,0.3,0.3,90,115,-0.092189106517223,0.23
6,2,0.3,0.3,0.3,90,115,-0.204574988951443,0.00333333333333333
6,2,0,0.3,0.3,110,115,-0.085146390556451,0.203333333333333
6,2,0.3,0.3,0.3,110,115,-0.377284074971843,0
6,2,0,0.3,0.3,10,116,0.643402424614737,0.01
6,2,0.3,0.3,0.3,10,116,-0.0459745705775135,0.853333333333333
6,2,0,0.3,0.3,30,116,-0.0342535255775749,0.796666666666667
6,2,0.3,0.3,0.3,30,116,-0.470818702655362,0.00333333333333333
6,2,0,0.3,0.3,50,116,0.146495905011692,0.123333333333333
6,2,0.3,0.3,0.3,50,116,-0.204550206461841,0.0533333333333333
6,2,0,0.3,0.3,70,116,0.00717023660245514,0.926666666666667
6,2,0.3,0.3,0.3,70,116,-0.358937177531112,0
6,2,0,0.3,0.3,90,116,0.0108780319241226,0.85
6,2,0.3,0.3,0.3,90,116,-0.379614127158021,0
6,2,0,0.3,0.3,110,116,0.011949728059388,0.843333333333333
6,2,0.3,0.3,0.3,110,116,-0.266103024066394,0
6,2,0,0.3,0.3,10,117,-0.32094692400888,0.16
6,2,0.3,0.3,0.3,10,117,-0.62801706933089,0.00666666666666667
6,2,0,0.3,0.3,30,117,0.154450154755013,0.28
6,2,0.3,0.3,0.3,30,117,-0.435349097678444,0.00666666666666667
6,2,0,0.3,0.3,50,117,-0.157757838572344,0.11
6,2,0.3,0.3,0.3,50,117,-0.0419127047544503,0.663333333333333
6,2,0,0.3,0.3,70,117,-0.0459214212746735,0.593333333333333
6,2,0.3,0.3,0.3,70,117,-0.382498933907237,0
6,2,0,0.3,0.3,90,117,0.0120273647271983,0.89
6,2,0.3,0.3,0.3,90,117,-0.404771373612013,0
6,2,0,0.3,0.3,110,117,-0.138726402168101,0.0433333333333333
6,2,0.3,0.3,0.3,110,117,-0.24905208571848,0
6,2,0,0.3,0.3,10,118,0.35831734630164,0.15
6,2,0.3,0.3,0.3,10,118,-0.450088080231791,0.0633333333333333
6,2,0,0.3,0.3,30,118,0.28328515426111,0.0333333333333333
6,2,0.3,0.3,0.3,30,118,-0.435893063606172,0.00333333333333333
6,2,0,0.3,0.3,50,118,-0.337199543665904,0
6,2,0.3,0.3,0.3,50,118,-0.379290658074305,0
6,2,0,0.3,0.3,70,118,0.0084266441766138,0.923333333333333
6,2,0.3,0.3,0.3,70,118,-0.287291397802239,0.00333333333333333
6,2,0,0.3,0.3,90,118,-0.0550723908866694,0.49
6,2,0.3,0.3,0.3,90,118,-0.240187766034304,0.01
6,2,0,0.3,0.3,110,118,-0.0329745293108682,0.613333333333333
6,2,0.3,0.3,0.3,110,118,-0.297645616082213,0
6,2,0,0.3,0.3,10,119,-0.477302852953329,0.05
6,2,0.3,0.3,0.3,10,119,-0.324924874001704,0.163333333333333
6,2,0,0.3,0.3,30,119,-0.00453707773428638,0.96
6,2,0.3,0.3,0.3,30,119,-0.209663803710651,0.116666666666667
6,2,0,0.3,0.3,50,119,0.0654381231435905,0.506666666666667
6,2,0.3,0.3,0.3,50,119,-0.399544627102513,0
6,2,0,0.3,0.3,70,119,0.121331365432861,0.19
6,2,0.3,0.3,0.3,70,119,-0.154045500034278,0.09
6,2,0,0.3,0.3,90,119,-0.026092742920959,0.723333333333333
6,2,0.3,0.3,0.3,90,119,-0.201977939625764,0.00333333333333333
6,2,0,0.3,0.3,110,119,0.107097869815685,0.16
6,2,0.3,0.3,0.3,110,119,-0.381405859481623,0
6,2,0,0.3,0.3,10,120,-0.641785357957807,0.01
6,2,0.3,0.3,0.3,10,120,0.0300808080836865,0.86
6,2,0,0.3,0.3,30,120,0.15786714796482,0.213333333333333
6,2,0.3,0.3,0.3,30,120,-0.259328014706411,0.05
6,2,0,0.3,0.3,50,120,-0.270951039177383,0.00666666666666667
6,2,0.3,0.3,0.3,50,120,-0.216446748852164,0.0433333333333333
6,2,0,0.3,0.3,70,120,-0.0781226108932044,0.36
6,2,0.3,0.3,0.3,70,120,-0.177035429775063,0.0433333333333333
6,2,0,0.3,0.3,90,120,-0.000942983727383022,0.986666666666667
6,2,0.3,0.3,0.3,90,120,-0.252146616801453,0.00333333333333333
6,2,0,0.3,0.3,110,120,-0.129516064939331,0.0733333333333333
6,2,0.3,0.3,0.3,110,120,-0.116757105121345,0.06
6,2,0,0.3,0.3,10,121,0.189688496014839,0.41
6,2,0.3,0.3,0.3,10,121,-0.204061091241894,0.41
6,2,0,0.3,0.3,30,121,0.0336020201508114,0.79
6,2,0.3,0.3,0.3,30,121,-0.159918780536458,0.206666666666667
6,2,0,0.3,0.3,50,121,-0.15094801400029,0.103333333333333
6,2,0.3,0.3,0.3,50,121,-0.298452187359434,0.00333333333333333
6,2,0,0.3,0.3,70,121,-0.106301757613023,0.206666666666667
6,2,0.3,0.3,0.3,70,121,-0.314528143964567,0
6,2,0,0.3,0.3,90,121,-0.203004419385081,0.0233333333333333
6,2,0.3,0.3,0.3,90,121,-0.320646015338214,0
6,2,0,0.3,0.3,110,121,-0.0203879227052259,0.773333333333333
6,2,0.3,0.3,0.3,110,121,-0.394817504263304,0
6,2,0,0.3,0.3,10,122,-0.425742645823755,0.0633333333333333
6,2,0.3,0.3,0.3,10,122,-0.673178341005487,0.00666666666666667
6,2,0,0.3,0.3,30,122,0.0371893770726226,0.8
6,2,0.3,0.3,0.3,30,122,-0.138474501693167,0.283333333333333
6,2,0,0.3,0.3,50,122,0.0574996608029766,0.596666666666667
6,2,0.3,0.3,0.3,50,122,-0.192667165190018,0.0633333333333333
6,2,0,0.3,0.3,70,122,-0.0636189511147811,0.506666666666667
6,2,0.3,0.3,0.3,70,122,-0.199889645247593,0.02
6,2,0,0.3,0.3,90,122,-0.100695363397098,0.19
6,2,0.3,0.3,0.3,90,122,-0.268336425861485,0
6,2,0,0.3,0.3,110,122,-0.069464000281828,0.296666666666667
6,2,0.3,0.3,0.3,110,122,-0.229327804425475,0
6,2,0,0.3,0.3,10,123,-0.171643365911584,0.486666666666667
6,2,0.3,0.3,0.3,10,123,-0.0864386618413026,0.746666666666667
6,2,0,0.3,0.3,30,123,-0.222919032971592,0.0766666666666667
6,2,0.3,0.3,0.3,30,123,-0.078555813086127,0.606666666666667
6,2,0,0.3,0.3,50,123,0.167852722579254,0.116666666666667
6,2,0.3,0.3,0.3,50,123,-0.147959203763359,0.206666666666667
6,2,0,0.3,0.3,70,123,0.108553971887448,0.226666666666667
6,2,0.3,0.3,0.3,70,123,-0.337243975238824,0.00333333333333333
6,2,0,0.3,0.3,90,123,-0.0564573042533384,0.46
6,2,0.3,0.3,0.3,90,123,-0.274055181051057,0
6,2,0,0.3,0.3,110,123,0.155888654078559,0.0266666666666667
6,2,0.3,0.3,0.3,110,123,-0.316183626608059,0
6,2,0,0.3,0.3,10,124,0.208309002703904,0.363333333333333
6,2,0.3,0.3,0.3,10,124,-0.160833016110009,0.523333333333333
6,2,0,0.3,0.3,30,124,0.0158478194318852,0.906666666666667
6,2,0.3,0.3,0.3,30,124,-0.242197212189396,0.0733333333333333
6,2,0,0.3,0.3,50,124,0.0618093350600067,0.6
6,2,0.3,0.3,0.3,50,124,-0.51140024668769,0
6,2,0,0.3,0.3,70,124,0.0764801614955942,0.35
6,2,0.3,0.3,0.3,70,124,-0.312780770257574,0
6,2,0,0.3,0.3,90,124,-0.186785136463649,0.00666666666666667
6,2,0.3,0.3,0.3,90,124,-0.393169683804002,0
6,2,0,0.3,0.3,110,124,-0.198832741090879,0.01
6,2,0.3,0.3,0.3,110,124,-0.142075557612759,0.0566666666666667
6,2,0,0.3,0.3,10,125,0.0137756437064052,0.95
6,2,0.3,0.3,0.3,10,125,-0.53466986482629,0.0333333333333333
6,2,0,0.3,0.3,30,125,0.0595023540615452,0.716666666666667
6,2,0.3,0.3,0.3,30,125,-0.159312750263254,0.25
6,2,0,0.3,0.3,50,125,0.059253717643633,0.54
6,2,0.3,0.3,0.3,50,125,-0.0907668604140408,0.433333333333333
6,2,0,0.3,0.3,70,125,-0.107051637258381,0.22
6,2,0.3,0.3,0.3,70,125,-0.259112011482129,0.02
6,2,0,0.3,0.3,90,125,-0.0825293900285234,0.31
6,2,0.3,0.3,0.3,90,125,-0.397732597867877,0
6,2,0,0.3,0.3,110,125,0.0489166003758439,0.493333333333333
6,2,0.3,0.3,0.3,110,125,-0.379968469651705,0
6,2,0,0.3,0.3,10,126,-0.243707621896398,0.28
6,2,0.3,0.3,0.3,10,126,-0.561103306560931,0.0366666666666667
6,2,0,0.3,0.3,30,126,-0.135657345555314,0.303333333333333
6,2,0.3,0.3,0.3,30,126,-0.451742918824367,0
6,2,0,0.3,0.3,50,126,0.0242337892934701,0.826666666666667
6,2,0.3,0.3,0.3,50,126,-0.226541863292085,0.0333333333333333
6,2,0,0.3,0.3,70,126,-0.0417704996390763,0.62
6,2,0.3,0.3,0.3,70,126,-0.241281967704136,0.00666666666666667
6,2,0,0.3,0.3,90,126,-0.00245489271010457,0.97
6,2,0.3,0.3,0.3,90,126,-0.338694695682496,0
6,2,0,0.3,0.3,110,126,-0.0179926941839341,0.796666666666667
6,2,0.3,0.3,0.3,110,126,-0.264438107832607,0
6,2,0,0.3,0.3,10,127,0.213350194560678,0.386666666666667
6,2,0.3,0.3,0.3,10,127,-0.205805027433319,0.343333333333333
6,2,0,0.3,0.3,30,127,0.132897010169384,0.313333333333333
6,2,0.3,0.3,0.3,30,127,-0.606843580869012,0
6,2,0,0.3,0.3,50,127,-0.0562427840056807,0.566666666666667
6,2,0.3,0.3,0.3,50,127,-0.313413077139294,0.00666666666666667
6,2,0,0.3,0.3,70,127,0.110325744409063,0.156666666666667
6,2,0.3,0.3,0.3,70,127,-0.240503617558311,0.00666666666666667
6,2,0,0.3,0.3,90,127,0.0638470692353793,0.38
6,2,0.3,0.3,0.3,90,127,-0.210072032370967,0.00333333333333333
6,2,0,0.3,0.3,110,127,-0.0372217075362839,0.596666666666667
6,2,0.3,0.3,0.3,110,127,-0.344901488925996,0
6,2,0,0.3,0.3,10,128,-0.0133327182621602,0.943333333333333
6,2,0.3,0.3,0.3,10,128,-0.280859012307399,0.246666666666667
6,2,0,0.3,0.3,30,128,-0.00219891133784579,0.99
6,2,0.3,0.3,0.3,30,128,-0.138051002223276,0.296666666666667
6,2,0,0.3,0.3,50,128,0.0109715539501707,0.923333333333333
6,2,0.3,0.3,0.3,50,128,-0.271512492087806,0.0166666666666667
6,2,0,0.3,0.3,70,128,0.0660433857382969,0.483333333333333
6,2,0.3,0.3,0.3,70,128,-0.0997881718087262,0.313333333333333
6,2,0,0.3,0.3,90,128,0.0377557276897245,0.633333333333333
6,2,0.3,0.3,0.3,90,128,-0.272799618863008,0
6,2,0,0.3,0.3,110,128,0.126415076210872,0.08
6,2,0.3,0.3,0.3,110,128,-0.209923945772779,0
6,2,0,0.3,0.3,10,129,0.4294462888489,0.0566666666666667
6,2,0.3,0.3,0.3,10,129,-0.124242630507583,0.54
6,2,0,0.3,0.3,30,129,-0.189261655184759,0.17
6,2,0.3,0.3,0.3,30,129,-0.200046819569183,0.163333333333333
6,2,0,0.3,0.3,50,129,-0.101808075735772,0.356666666666667
6,2,0.3,0.3,0.3,50,129,-0.437906122810794,0
6,2,0,0.3,0.3,70,129,-0.109738851263053,0.2
6,2,0.3,0.3,0.3,70,129,-0.37312880553519,0
6,2,0,0.3,0.3,90,129,-0.0860063844101248,0.23
6,2,0.3,0.3,0.3,90,129,-0.410028300615044,0
6,2,0,0.3,0.3,110,129,0.0509022807950941,0.436666666666667
6,2,0.3,0.3,0.3,110,129,-0.248527741637408,0
6,2,0,0.3,0.3,10,130,0.167971178595099,0.52
6,2,0.3,0.3,0.3,10,130,-0.288082677667083,0.19
6,2,0,0.3,0.3,30,130,0.00430118859033478,0.97
6,2,0.3,0.3,0.3,30,130,-0.569025866404456,0
6,2,0,0.3,0.3,50,130,-0.138570102576512,0.16
6,2,0.3,0.3,0.3,50,130,-0.294115942586529,0.0133333333333333
6,2,0,0.3,0.3,70,130,-0.0512067546300978,0.606666666666667
6,2,0.3,0.3,0.3,70,130,-0.257813382008033,0
6,2,0,0.3,0.3,90,130,-0.045936192528064,0.59
6,2,0.3,0.3,0.3,90,130,-0.353913445169911,0
6,2,0,0.3,0.3,110,130,-0.09337714654957,0.19
6,2,0.3,0.3,0.3,110,130,-0.260460533750307,0
6,2,0,0.3,0.3,10,131,-0.135769793410841,0.54
6,2,0.3,0.3,0.3,10,131,-0.216315340615338,0.37
6,2,0,0.3,0.3,30,131,0.184677304804388,0.143333333333333
6,2,0.3,0.3,0.3,30,131,-0.416028504833225,0.00333333333333333
6,2,0,0.3,0.3,50,131,-0.101771812173092,0.33
6,2,0.3,0.3,0.3,50,131,-0.139196120762182,0.2
6,2,0,0.3,0.3,70,131,0.0023285290357069,0.983333333333333
6,2,0.3,0.3,0.3,70,131,-0.260438631073706,0
6,2,0,0.3,0.3,90,131,-0.184422138694242,0.0233333333333333
6,2,0.3,0.3,0.3,90,131,-0.229831207742524,0.01
6,2,0,0.3,0.3,110,131,-0.232516542459617,0
6,2,0.3,0.3,0.3,110,131,0.0263465044884219,0.666666666666667
6,2,0,0.3,0.3,10,132,-0.549772913214093,0.0266666666666667
6,2,0.3,0.3,0.3,10,132,0.239490445803693,0.346666666666667
6,2,0,0.3,0.3,30,132,0.106149150689938,0.483333333333333
6,2,0.3,0.3,0.3,30,132,-0.251881560686985,0.0666666666666667
6,2,0,0.3,0.3,50,132,-0.236257599747799,0.0166666666666667
6,2,0.3,0.3,0.3,50,132,-0.331254153934497,0.00333333333333333
6,2,0,0.3,0.3,70,132,-0.0179047930638149,0.833333333333333
6,2,0.3,0.3,0.3,70,132,-0.307295637087913,0
6,2,0,0.3,0.3,90,132,0.00970922454378995,0.896666666666667
6,2,0.3,0.3,0.3,90,132,-0.277050543031059,0
6,2,0,0.3,0.3,110,132,0.108478492277047,0.123333333333333
6,2,0.3,0.3,0.3,110,132,-0.459179839742894,0
6,2,0,0.3,0.3,10,133,0.230870335319391,0.346666666666667
6,2,0.3,0.3,0.3,10,133,-0.246059167131206,0.306666666666667
6,2,0,0.3,0.3,30,133,-0.0608258560933119,0.66
6,2,0.3,0.3,0.3,30,133,-0.480422163612696,0
6,2,0,0.3,0.3,50,133,-0.00672866553535522,0.933333333333333
6,2,0.3,0.3,0.3,50,133,-0.241652159358763,0.04
6,2,0,0.3,0.3,70,133,0.120894201747331,0.16
6,2,0.3,0.3,0.3,70,133,-0.396400913675234,0
6,2,0,0.3,0.3,90,133,-0.0547324569544196,0.486666666666667
6,2,0.3,0.3,0.3,90,133,-0.422565160988741,0
6,2,0,0.3,0.3,110,133,-0.0846305597801095,0.243333333333333
6,2,0.3,0.3,0.3,110,133,-0.299411888779392,0
6,2,0,0.3,0.3,10,134,0.166312225792721,0.51
6,2,0.3,0.3,0.3,10,134,0.1279112736886,0.6
6,2,0,0.3,0.3,30,134,0.200856669895658,0.11
6,2,0.3,0.3,0.3,30,134,-0.211365383545128,0.126666666666667
6,2,0,0.3,0.3,50,134,0.101502355975537,0.306666666666667
6,2,0.3,0.3,0.3,50,134,-0.249697510063769,0.01
6,2,0,0.3,0.3,70,134,-0.00162230369800574,0.98
6,2,0.3,0.3,0.3,70,134,-0.310237493309497,0
6,2,0,0.3,0.3,90,134,0.118588534935937,0.156666666666667
6,2,0.3,0.3,0.3,90,134,-0.340479820405119,0
6,2,0,0.3,0.3,110,134,-0.0460090788221537,0.543333333333333
6,2,0.3,0.3,0.3,110,134,-0.223588336126472,0
6,2,0,0.3,0.3,10,135,0.392345362283524,0.0633333333333333
6,2,0.3,0.3,0.3,10,135,-0.543514581746421,0.02
6,2,0,0.3,0.3,30,135,0.0476908039442389,0.72
6,2,0.3,0.3,0.3,30,135,-0.376813068702964,0.00666666666666667
6,2,0,0.3,0.3,50,135,-0.127889099004079,0.233333333333333
6,2,0.3,0.3,0.3,50,135,-0.366239813439919,0
6,2,0,0.3,0.3,70,135,0.247152309900607,0.0166666666666667
6,2,0.3,0.3,0.3,70,135,-0.462236413856522,0
6,2,0,0.3,0.3,90,135,-0.12326961721982,0.106666666666667
6,2,0.3,0.3,0.3,90,135,-0.336831138662714,0
6,2,0,0.3,0.3,110,135,-0.0597646879602603,0.44
6,2,0.3,0.3,0.3,110,135,-0.360253710509392,0
6,2,0,0.3,0.3,10,136,0.108764384838296,0.63
6,2,0.3,0.3,0.3,10,136,-0.33024156999258,0.16
6,2,0,0.3,0.3,30,136,0.143241608461214,0.273333333333333
6,2,0.3,0.3,0.3,30,136,-0.259915752961858,0.0466666666666667
6,2,0,0.3,0.3,50,136,0.00519067038131942,0.95
6,2,0.3,0.3,0.3,50,136,-0.195545102953313,0.0666666666666667
6,2,0,0.3,0.3,70,136,-0.00200487113427559,0.98
6,2,0.3,0.3,0.3,70,136,-0.497401113279188,0
6,2,0,0.3,0.3,90,136,0.0300724767497069,0.676666666666667
6,2,0.3,0.3,0.3,90,136,-0.177753488640043,0.0333333333333333
6,2,0,0.3,0.3,110,136,-0.0348741203642546,0.63
6,2,0.3,0.3,0.3,110,136,-0.225559142044675,0
6,2,0,0.3,0.3,10,137,-0.387469718866858,0.08
6,2,0.3,0.3,0.3,10,137,-0.334420528074906,0.193333333333333
6,2,0,0.3,0.3,30,137,-0.2027593107346,0.116666666666667
6,2,0.3,0.3,0.3,30,137,-0.170806785455755,0.183333333333333
6,2,0,0.3,0.3,50,137,-0.202323779592285,0.0466666666666667
6,2,0.3,0.3,0.3,50,137,-0.288724445612435,0.00333333333333333
6,2,0,0.3,0.3,70,137,-0.0344827847570744,0.7
6,2,0.3,0.3,0.3,70,137,-0.322528950503153,0.00333333333333333
6,2,0,0.3,0.3,90,137,-0.0236399659278168,0.746666666666667
6,2,0.3,0.3,0.3,90,137,-0.334331961159975,0
6,2,0,0.3,0.3,110,137,-0.0174937529466369,0.796666666666667
6,2,0.3,0.3,0.3,110,137,-0.349134965658728,0
6,2,0,0.3,0.3,10,138,0.147942476597132,0.486666666666667
6,2,0.3,0.3,0.3,10,138,-0.623427440753907,0.0166666666666667
6,2,0,0.3,0.3,30,138,0.0352974581190821,0.743333333333333
6,2,0.3,0.3,0.3,30,138,-0.413538199399336,0
6,2,0,0.3,0.3,50,138,-0.00816399718108527,0.94
6,2,0.3,0.3,0.3,50,138,-0.394539449365033,0
6,2,0,0.3,0.3,70,138,0.180306312016024,0.0266666666666667
6,2,0.3,0.3,0.3,70,138,-0.198941935033268,0.0233333333333333
6,2,0,0.3,0.3,90,138,0.00132410541312643,0.993333333333333
6,2,0.3,0.3,0.3,90,138,-0.248718068272999,0
6,2,0,0.3,0.3,110,138,-0.0514828366907825,0.486666666666667
6,2,0.3,0.3,0.3,110,138,-0.304968935098452,0
6,2,0,0.3,0.3,10,139,-0.165348382350135,0.466666666666667
6,2,0.3,0.3,0.3,10,139,-0.634867793254025,0.00333333333333333
6,2,0,0.3,0.3,30,139,-0.0310452561685967,0.843333333333333
6,2,0.3,0.3,0.3,30,139,-0.0788092858618378,0.543333333333333
6,2,0,0.3,0.3,50,139,-0.0060077424024986,0.953333333333333
6,2,0.3,0.3,0.3,50,139,-0.503396502627012,0
6,2,0,0.3,0.3,70,139,0.0316109852055886,0.733333333333333
6,2,0.3,0.3,0.3,70,139,-0.376976491775503,0
6,2,0,0.3,0.3,90,139,-0.00701216521973463,0.92
6,2,0.3,0.3,0.3,90,139,-0.100529664652499,0.21
6,2,0,0.3,0.3,110,139,0.124128953918531,0.07
6,2,0.3,0.3,0.3,110,139,-0.137284422453892,0.0433333333333333
6,2,0,0.3,0.3,10,140,0.0541685023341639,0.816666666666667
6,2,0.3,0.3,0.3,10,140,-0.456141324301537,0.0566666666666667
6,2,0,0.3,0.3,30,140,0.000846268507823153,0.99
6,2,0.3,0.3,0.3,30,140,-0.249689642147924,0.0766666666666667
6,2,0,0.3,0.3,50,140,-0.131998499543234,0.243333333333333
6,2,0.3,0.3,0.3,50,140,-0.322331096440515,0
6,2,0,0.3,0.3,70,140,-0.0688583306965966,0.443333333333333
6,2,0.3,0.3,0.3,70,140,-0.327725971359126,0
6,2,0,0.3,0.3,90,140,0.0650038664573831,0.41
6,2,0.3,0.3,0.3,90,140,-0.251147117843078,0
6,2,0,0.3,0.3,110,140,0.0125239970670649,0.84
6,2,0.3,0.3,0.3,110,140,-0.344054681181107,0
6,2,0,0.3,0.3,10,141,-0.241870784906684,0.283333333333333
6,2,0.3,0.3,0.3,10,141,0.0544095757921704,0.753333333333333
6,2,0,0.3,0.3,30,141,0.284071665093443,0.05
6,2,0.3,0.3,0.3,30,141,-0.318766844657864,0.0133333333333333
6,2,0,0.3,0.3,50,141,-0.105518314950172,0.28
6,2,0.3,0.3,0.3,50,141,-0.404411105840332,0
6,2,0,0.3,0.3,70,141,-0.0510546847955729,0.51
6,2,0.3,0.3,0.3,70,141,-0.222800012380236,0.0166666666666667
6,2,0,0.3,0.3,90,141,0.0928644196318034,0.233333333333333
6,2,0.3,0.3,0.3,90,141,-0.240173465833626,0.00666666666666667
6,2,0,0.3,0.3,110,141,-0.124813391305229,0.11
6,2,0.3,0.3,0.3,110,141,-0.10766864951506,0.14
6,2,0,0.3,0.3,10,142,0.14242215273652,0.563333333333333
6,2,0.3,0.3,0.3,10,142,-0.196674138987104,0.39
6,2,0,0.3,0.3,30,142,0.00122621863887627,1
6,2,0.3,0.3,0.3,30,142,-0.137295469728927,0.32
6,2,0,0.3,0.3,50,142,-0.100979820368608,0.326666666666667
6,2,0.3,0.3,0.3,50,142,-0.215787790687913,0.04
6,2,0,0.3,0.3,70,142,0.0509635029321302,0.503333333333333
6,2,0.3,0.3,0.3,70,142,-0.24442768843707,0.0166666666666667
6,2,0,0.3,0.3,90,142,-0.0148425268316465,0.82
6,2,0.3,0.3,0.3,90,142,-0.394737783583305,0
6,2,0,0.3,0.3,110,142,-0.0508883570597043,0.42
6,2,0.3,0.3,0.3,110,142,-0.371541086923918,0
6,2,0,0.3,0.3,10,143,-0.138551339703714,0.606666666666667
6,2,0.3,0.3,0.3,10,143,-0.176718004519211,0.496666666666667
6,2,0,0.3,0.3,30,143,-0.0566446825384953,0.676666666666667
6,2,0.3,0.3,0.3,30,143,-0.259119538413833,0.0633333333333333
6,2,0,0.3,0.3,50,143,0.235839998260203,0.0333333333333333
6,2,0.3,0.3,0.3,50,143,-0.243147604920846,0.02
6,2,0,0.3,0.3,70,143,-0.0232830786682453,0.756666666666667
6,2,0.3,0.3,0.3,70,143,-0.23363792086416,0.0166666666666667
6,2,0,0.3,0.3,90,143,-0.072685405291938,0.34
6,2,0.3,0.3,0.3,90,143,-0.151414677850411,0.0633333333333333
6,2,0,0.3,0.3,110,143,0.0417334087754185,0.566666666666667
6,2,0.3,0.3,0.3,110,143,-0.373616508335135,0
6,2,0,0.3,0.3,10,144,-0.237260052977815,0.29
6,2,0.3,0.3,0.3,10,144,0.254972432919399,0.28
6,2,0,0.3,0.3,30,144,-0.0971651270091321,0.44
6,2,0.3,0.3,0.3,30,144,-0.0856620094601902,0.5
6,2,0,0.3,0.3,50,144,-0.128079343448261,0.24
6,2,0.3,0.3,0.3,50,144,-0.224861099550059,0.03
6,2,0,0.3,0.3,70,144,0.139976056952095,0.13
6,2,0.3,0.3,0.3,70,144,-0.298845626141801,0
6,2,0,0.3,0.3,90,144,0.0653869528752361,0.36
6,2,0.3,0.3,0.3,90,144,-0.259004120092123,0.00333333333333333
6,2,0,0.3,0.3,110,144,0.10453947183725,0.13
6,2,0.3,0.3,0.3,110,144,-0.158786415115855,0.0166666666666667
6,2,0,0.3,0.3,10,145,-0.0245726913144748,0.91
6,2,0.3,0.3,0.3,10,145,0.149352575681209,0.473333333333333
6,2,0,0.3,0.3,30,145,0.0180823931113089,0.88
6,2,0.3,0.3,0.3,30,145,-0.329710548863891,0.0133333333333333
6,2,0,0.3,0.3,50,145,-0.240761303693399,0.0133333333333333
6,2,0.3,0.3,0.3,50,145,-0.0701749771794832,0.513333333333333
6,2,0,0.3,0.3,70,145,0.102537502457856,0.22
6,2,0.3,0.3,0.3,70,145,-0.291382639711125,0
6,2,0,0.3,0.3,90,145,0.0348533382624527,0.633333333333333
6,2,0.3,0.3,0.3,90,145,-0.286955770050992,0.00333333333333333
6,2,0,0.3,0.3,110,145,-0.0370795447098211,0.576666666666667
6,2,0.3,0.3,0.3,110,145,-0.249671841605263,0.00333333333333333
6,2,0,0.3,0.3,10,146,-0.197577398169534,0.383333333333333
6,2,0.3,0.3,0.3,10,146,-0.481433608372591,0.0466666666666667
6,2,0,0.3,0.3,30,146,0.100046863768124,0.443333333333333
6,2,0.3,0.3,0.3,30,146,-0.239788885776766,0.0833333333333333
6,2,0,0.3,0.3,50,146,-0.131672139628944,0.186666666666667
6,2,0.3,0.3,0.3,50,146,-0.300126723950882,0
6,2,0,0.3,0.3,70,146,-0.105205830550849,0.263333333333333
6,2,0.3,0.3,0.3,70,146,-0.227645798834893,0.00333333333333333
6,2,0,0.3,0.3,90,146,0.051823572739842,0.476666666666667
6,2,0.3,0.3,0.3,90,146,-0.323130884118138,0
6,2,0,0.3,0.3,110,146,-0.0326542483693647,0.673333333333333
6,2,0.3,0.3,0.3,110,146,-0.17254393863384,0.0166666666666667
6,2,0,0.3,0.3,10,147,0.0410881564041373,0.846666666666667
6,2,0.3,0.3,0.3,10,147,0.071902885755415,0.753333333333333
6,2,0,0.3,0.3,30,147,-0.0840600904907918,0.58
6,2,0.3,0.3,0.3,30,147,-0.435124214365141,0
6,2,0,0.3,0.3,50,147,-0.0106722306896052,0.91
6,2,0.3,0.3,0.3,50,147,-0.323253102017041,0.00666666666666667
6,2,0,0.3,0.3,70,147,0.0505640898009994,0.543333333333333
6,2,0.3,0.3,0.3,70,147,-0.0891564281692496,0.313333333333333
6,2,0,0.3,0.3,90,147,0.0281778973737488,0.72
6,2,0.3,0.3,0.3,90,147,-0.304028169115436,0
6,2,0,0.3,0.3,110,147,0.0500797056378527,0.466666666666667
6,2,0.3,0.3,0.3,110,147,-0.255861079840751,0
6,2,0,0.3,0.3,10,148,-0.18088982755446,0.44
6,2,0.3,0.3,0.3,10,148,-0.429186503376283,0.0766666666666667
6,2,0,0.3,0.3,30,148,-0.273152441222637,0.05
6,2,0.3,0.3,0.3,30,148,-0.209113920750624,0.16
6,2,0,0.3,0.3,50,148,-0.085715413362626,0.41
6,2,0.3,0.3,0.3,50,148,-0.270757559465966,0.0166666666666667
6,2,0,0.3,0.3,70,148,-0.0373668545666538,0.656666666666667
6,2,0.3,0.3,0.3,70,148,-0.252473142972293,0.00333333333333333
6,2,0,0.3,0.3,90,148,-0.0139179475487433,0.846666666666667
6,2,0.3,0.3,0.3,90,148,-0.400370102634566,0
6,2,0,0.3,0.3,110,148,-0.0221389182512127,0.763333333333333
6,2,0.3,0.3,0.3,110,148,-0.163910754369392,0.0266666666666667
6,2,0,0.3,0.3,10,149,0.0240199039751796,0.896666666666667
6,2,0.3,0.3,0.3,10,149,-0.784249661602419,0
6,2,0,0.3,0.3,30,149,0.0541973470981962,0.666666666666667
6,2,0.3,0.3,0.3,30,149,-0.0718204050602869,0.553333333333333
6,2,0,0.3,0.3,50,149,-0.0782176127008834,0.436666666666667
6,2,0.3,0.3,0.3,50,149,-0.289969495875824,0.01
6,2,0,0.3,0.3,70,149,-0.020600436771238,0.81
6,2,0.3,0.3,0.3,70,149,-0.310561892785679,0
6,2,0,0.3,0.3,90,149,-0.141211938991418,0.0933333333333333
6,2,0.3,0.3,0.3,90,149,-0.361309358322374,0
6,2,0,0.3,0.3,110,149,0.0713566303312762,0.303333333333333
6,2,0.3,0.3,0.3,110,149,-0.483859079791914,0
6,2,0,0.3,0.3,10,150,-0.115615177713774,0.606666666666667
6,2,0.3,0.3,0.3,10,150,-0.859699744548236,0
6,2,0,0.3,0.3,30,150,-0.164285552461065,0.25
6,2,0.3,0.3,0.3,30,150,-0.341322775087413,0.0266666666666667
6,2,0,0.3,0.3,50,150,0.108492664520266,0.29
6,2,0.3,0.3,0.3,50,150,-0.182833960408222,0.0833333333333333
6,2,0,0.3,0.3,70,150,-0.0386975821934787,0.663333333333333
6,2,0.3,0.3,0.3,70,150,-0.588522922780893,0
6,2,0,0.3,0.3,90,150,0.0576059910879485,0.413333333333333
6,2,0.3,0.3,0.3,90,150,-0.31784478702201,0
6,2,0,0.3,0.3,110,150,0.129847060939914,0.0666666666666667
6,2,0.3,0.3,0.3,110,150,-0.417290694598024,0
