"","nGroupT","nGroupC","ef","rho","propC","sampleSize","iteration","cor","coef","se","pval"
"1",6,2,0,0.3,0.3,8,1,0.269295971247435,0.239762091959842,0.202959929256116,0.23747275219277
"2",6,2,0,0.35,0.3,8,1,0.363085517339616,0.195632513245834,0.147386887789516,0.184396234065107
"3",6,2,0,0.4,0.3,8,1,0.340826374190054,0.138923501851012,0.153013774397072,0.363923128922887
"4",6,2,0,0.3,0.35,8,1,0.210607761558003,-0.0372973166722597,0.115032068203694,0.745760823296464
"5",6,2,0,0.35,0.35,8,1,0.209857973862794,0.121621708724188,0.162587087470963,0.454435794064674
"6",6,2,0,0.4,0.35,8,1,0.283015383831863,-0.0395052822068522,0.138321864988329,0.775181415768829
"7",6,2,0,0.3,0.4,8,1,0.345122762433127,-0.339150685056186,0.0891621063289397,0.000142519932097478
"8",6,2,0,0.35,0.4,8,1,0.42651668128741,0.00771994266931797,0.214859877650567,0.971338073579935
"9",6,2,0,0.4,0.4,8,1,0.417634868704733,0.191486243642243,0.153405048577583,0.211943356583068
"10",6,2,0,0.3,0.3,10,1,0.241096624282778,0.0817537705828251,0.227948904357824,0.719857278493198
"11",6,2,0,0.35,0.3,10,1,0.30521764481997,0.18710203396749,0.110938700427323,0.0916927426597387
"12",6,2,0,0.4,0.3,10,1,0.285421233327493,0.29422258650215,0.214162514348375,0.169494901079107
"13",6,2,0,0.3,0.35,10,1,0.4425294770051,-0.0878979646921145,0.16624063024982,0.596986267973648
"14",6,2,0,0.35,0.35,10,1,0.33312459565464,-0.041693510163018,0.178813026881881,0.81563080435586
"15",6,2,0,0.4,0.35,10,1,0.399532499516575,0.111527459706584,0.16019731849612,0.486311066778415
"16",6,2,0,0.3,0.4,10,1,0.305663290771508,-0.0504942116193035,0.179736862317274,0.778760954103095
"17",6,2,0,0.35,0.4,10,1,0.495983325862296,-0.186840639793738,0.134222391179248,0.163915468994532
"18",6,2,0,0.4,0.4,10,1,0.312282387794423,0.0345116203899754,0.188244825860446,0.854536193882135
"19",6,2,0,0.3,0.3,12,1,0.343187002504044,0.0426302875913231,0.0902708646200176,0.636749368398726
"20",6,2,0,0.35,0.3,12,1,0.410464382091749,0.159183620600235,0.181892983605612,0.381492366351855
"21",6,2,0,0.4,0.3,12,1,0.276887226084103,0.170088884225396,0.126368466310848,0.178310355205581
"22",6,2,0,0.3,0.35,12,1,0.208051627491388,-0.00661060654761814,0.147277980421662,0.964198786904265
"23",6,2,0,0.35,0.35,12,1,0.308713494509894,-0.102237843228857,0.124596129536861,0.41190040091691
"24",6,2,0,0.4,0.35,12,1,0.403626720136493,0.242258175853913,0.0844019471766632,0.00410093792238885
"25",6,2,0,0.3,0.4,12,1,0.234343176764699,-0.0836049123167608,0.054491300175912,0.124960782551123
"26",6,2,0,0.35,0.4,12,1,0.425501527671251,-0.153601649355811,0.123350780428104,0.21304257945115
"27",6,2,0,0.4,0.4,12,1,0.497456381371191,0.150417706155189,0.179719011164077,0.402614794143867
"28",6,2,0,0.3,0.3,14,1,0.299369467605474,-0.138230666605647,0.107385614534382,0.198011920705496
"29",6,2,0,0.35,0.3,14,1,0.342612758849519,-0.0363628121557129,0.144704388651821,0.801589658489283
"30",6,2,0,0.4,0.3,14,1,0.395245354389506,0.269395204305181,0.184075393258561,0.143329326848629
"31",6,2,0,0.3,0.35,14,1,0.326252090268623,0.0121985132545297,0.13358027004751,0.927238546805085
"32",6,2,0,0.35,0.35,14,1,0.382250041156862,-0.063340574651455,0.0965866917960733,0.511959331179748
"33",6,2,0,0.4,0.35,14,1,0.411154831188392,0.347485234391057,0.0816270295538039,2.07200050049655e-05
"34",6,2,0,0.3,0.4,14,1,0.406522023008446,-0.0545874495816345,0.207357673852868,0.792355880699655
"35",6,2,0,0.35,0.4,14,1,0.424616158758007,0.113854746051457,0.196157970911277,0.561628889539061
"36",6,2,0,0.4,0.4,14,1,0.323771279266979,0.208122799435158,0.0893598149478332,0.0198568186925744
"37",6,2,0,0.3,0.3,16,1,0.325094459551283,-0.0204143854282055,0.0987695082039033,0.836254215110376
"38",6,2,0,0.35,0.3,16,1,0.348845087914638,0.03964577147288,0.143513025518953,0.78235446062926
"39",6,2,0,0.4,0.3,16,1,0.335688403295931,0.112512347910821,0.140834452998272,0.424349620180936
"40",6,2,0,0.3,0.35,16,1,0.101257288012302,0.135927382102717,0.0480559352534544,0.00467631463015232
"41",6,2,0,0.35,0.35,16,1,0.288680456365564,-0.129713419956165,0.104895492478376,0.216236845263364
"42",6,2,0,0.4,0.35,16,1,0.432259045520728,0.0132554151079196,0.0351801029423727,0.706331698369925
"43",6,2,0,0.3,0.4,16,1,0.30454546878966,0.155669718130984,0.127215621447122,0.221077397858347
"44",6,2,0,0.35,0.4,16,1,0.264980139805148,0.0285271436934307,0.122635549255078,0.816058634494938
"45",6,2,0,0.4,0.4,16,1,0.344459202283345,-0.0498740557266388,0.139959175653048,0.721580590434445
"46",6,2,0,0.3,0.3,18,1,0.143042903185623,0.00995354397838133,0.0872148259353892,0.909137323302628
"47",6,2,0,0.35,0.3,18,1,0.310920676931977,-0.0236161524701335,0.125288123192322,0.850488836836067
"48",6,2,0,0.4,0.3,18,1,0.358745036720507,-0.0479882391894519,0.171953602510506,0.78018598494868
"49",6,2,0,0.3,0.35,18,1,0.24619765901515,0.0471356388811586,0.0709765328168105,0.506625197132273
"50",6,2,0,0.35,0.35,18,1,0.257400884645751,0.0819872371436681,0.0913433790808887,0.369413902415845
"51",6,2,0,0.4,0.35,18,1,0.452986181483952,-0.0649569009199031,0.0801473206411608,0.417670803182241
"52",6,2,0,0.3,0.4,18,1,0.339823400267042,-0.28406427350536,0.0949652107960102,0.00277841890655439
"53",6,2,0,0.35,0.4,18,1,0.396499653335841,-0.122690484925576,0.0691550479784228,0.0760405981684187
"54",6,2,0,0.4,0.4,18,1,0.392038359781437,0.232433549006474,0.108656135312981,0.0324221979178235
"55",6,2,0,0.3,0.3,20,1,0.500203659587062,-0.173140180025055,0.0789962132322461,0.0283973531905081
"56",6,2,0,0.35,0.3,20,1,0.277956957740106,-0.146610755853072,0.153108887182785,0.338285304020605
"57",6,2,0,0.4,0.3,20,1,0.32122823823266,-0.0249826019293935,0.160393220506085,0.876223410556184
"58",6,2,0,0.3,0.35,20,1,0.312258043296488,0.0400577936912807,0.0864922669600804,0.64326596607658
"59",6,2,0,0.35,0.35,20,1,0.417016493064476,0.0189362011817034,0.111013872009885,0.864557886331893
"60",6,2,0,0.4,0.35,20,1,0.313312626654779,0.160854999255225,0.0677197769196972,0.0175345426013699
"61",6,2,0,0.3,0.4,20,1,0.419046436990251,0.0019641495670577,0.109955782470699,0.985748077644871
"62",6,2,0,0.35,0.4,20,1,0.365207418149515,-0.199296618330862,0.102871777743281,0.0527049732128757
"63",6,2,0,0.4,0.4,20,1,0.422404061138775,-0.262396684684649,0.0660203742416114,7.05330643916127e-05
"64",6,2,0,0.3,0.3,8,2,0.305597009898457,0.227714243002859,0.132862015503543,0.0865442801355209
"65",6,2,0,0.35,0.3,8,2,0.279380160833391,-0.0535560033066411,0.259725936595251,0.836633138489999
"66",6,2,0,0.4,0.3,8,2,0.366822365781011,0.342655325834151,0.203223518853356,0.0917763972108394
"67",6,2,0,0.3,0.35,8,2,0.373543011538033,0.134495114452648,0.233992858363847,0.56543807307977
"68",6,2,0,0.35,0.35,8,2,0.389191815433451,0.157720763995822,0.130955844382109,0.228442254383674
"69",6,2,0,0.4,0.35,8,2,0.492117296960285,0.158247388700826,0.158403309664593,0.317787099888429
"70",6,2,0,0.3,0.4,8,2,0.366620961501274,0.167782579066559,0.167974067835634,0.317862510768094
"71",6,2,0,0.35,0.4,8,2,0.380732096034727,0.110904751507151,0.247786067620375,0.654454407370738
"72",6,2,0,0.4,0.4,8,2,0.418213582206024,0.175480370774574,0.126773871898858,0.166297278202139
"73",6,2,0,0.3,0.3,10,2,0.266429035801568,0.0487221230266512,0.154016245831233,0.751741379197083
"74",6,2,0,0.35,0.3,10,2,0.397682915737527,0.0842208579748833,0.132161792677974,0.523958290410427
"75",6,2,0,0.4,0.3,10,2,0.32391795105337,-0.360657352203641,0.121345418795915,0.00295717676060726
"76",6,2,0,0.3,0.35,10,2,0.381737561127435,-0.276296537983499,0.14181446277261,0.0513795661122725
"77",6,2,0,0.35,0.35,10,2,0.300284819296641,0.0288525234604546,0.195330968727514,0.88257088754663
"78",6,2,0,0.4,0.35,10,2,0.266698541373263,0.107713265869426,0.151162429220126,0.476114118308281
"79",6,2,0,0.3,0.4,10,2,0.280126845414612,-0.0823295569371234,0.157800349016803,0.601856653171678
"80",6,2,0,0.35,0.4,10,2,0.495072191854638,-0.157596222827258,0.121341801270254,0.194019671682546
"81",6,2,0,0.4,0.4,10,2,0.414725687355032,-0.0468725301954236,0.192264475626298,0.807391960197981
"82",6,2,0,0.3,0.3,12,2,0.261801526316391,0.0498887610833756,0.15430172801499,0.746453270200716
"83",6,2,0,0.35,0.3,12,2,0.276439804535046,-0.0746687474346253,0.164649730943271,0.650188330365575
"84",6,2,0,0.4,0.3,12,2,0.464728399202489,-0.0411382890049921,0.157050678958814,0.79336556908039
"85",6,2,0,0.3,0.35,12,2,0.200535185823344,-0.0884312079676119,0.128581205699401,0.491612756327112
"86",6,2,0,0.35,0.35,12,2,0.380836268897993,-0.0335084955896314,0.158495314602809,0.832562425787849
"87",6,2,0,0.4,0.35,12,2,0.456105221611211,0.11688379345661,0.160937675133412,0.467674835225952
"88",6,2,0,0.3,0.4,12,2,0.189098410021568,-0.00561668032782503,0.1487647195802,0.969882657293468
"89",6,2,0,0.35,0.4,12,2,0.385478246713698,0.0846387944640374,0.124157815906759,0.495426572021858
"90",6,2,0,0.4,0.4,12,2,0.269443953240757,-0.21032236176112,0.208190242866275,0.312379742414995
"91",6,2,0,0.3,0.3,14,2,0.448805909201311,0.0931087126638848,0.0911578858566332,0.307064715714524
"92",6,2,0,0.35,0.3,14,2,0.399393060596151,-0.00644618370839423,0.07887928243718,0.934867672615833
"93",6,2,0,0.4,0.3,14,2,0.514355135121695,0.11452506397198,0.143461323260324,0.424696864456118
"94",6,2,0,0.3,0.35,14,2,0.348433334990073,0.181283320118802,0.0916016390109594,0.0478114875831221
"95",6,2,0,0.35,0.35,14,2,0.384245456672371,0.179604557921274,0.130692157215583,0.169362038787291
"96",6,2,0,0.4,0.35,14,2,0.305632290803285,-0.0396977742120717,0.159249240081389,0.803143600246437
"97",6,2,0,0.3,0.4,14,2,0.283303593040261,-0.199329406665147,0.129999194440425,0.125198844284045
"98",6,2,0,0.35,0.4,14,2,0.331393513010357,-0.0704517516417966,0.118218548271413,0.551211976070479
"99",6,2,0,0.4,0.4,14,2,0.407140996800518,0.0956298760641492,0.132765338980729,0.471344930176953
"100",6,2,0,0.3,0.3,16,2,0.201301344040463,-0.201932460986091,0.12743252117893,0.113052092791285
"101",6,2,0,0.35,0.3,16,2,0.310143342639337,-0.0607269405839133,0.140043212322681,0.664557133424772
"102",6,2,0,0.4,0.3,16,2,0.409950468125247,0.166946367745727,0.134295167477752,0.213819887955971
"103",6,2,0,0.3,0.35,16,2,0.46863833190651,-0.0331419457508249,0.17163605449041,0.84688510767837
"104",6,2,0,0.35,0.35,16,2,0.261633706770917,-0.112141423343338,0.0840755305090626,0.182263637525262
"105",6,2,0,0.4,0.35,16,2,0.467889069004031,0.0603385087328254,0.177374060816977,0.733723522880428
"106",6,2,0,0.3,0.4,16,2,0.191921656254584,-0.0166519514674988,0.153882641973355,0.913827510692935
"107",6,2,0,0.35,0.4,16,2,0.316438684960666,0.177658037541124,0.125782155388356,0.157824446209826
"108",6,2,0,0.4,0.4,16,2,0.403890514635609,-0.0759820570201859,0.0890363161802922,0.393447080159504
"109",6,2,0,0.3,0.3,18,2,0.392749269907897,-0.0828359319350307,0.0835589493405363,0.321516064188971
"110",6,2,0,0.35,0.3,18,2,0.313851877915503,0.0660342912786445,0.134823813228862,0.624288093743967
"111",6,2,0,0.4,0.3,18,2,0.360153383417197,0.0624975787631321,0.123876253669575,0.613898669763872
"112",6,2,0,0.3,0.35,18,2,0.294369093434104,-0.0376122239662973,0.144687050674918,0.79489794306242
"113",6,2,0,0.35,0.35,18,2,0.337444642508927,0.107488099462571,0.0895697643143629,0.230120339528837
"114",6,2,0,0.4,0.35,18,2,0.495064303588362,0.022435550020333,0.130372164880352,0.863367955223811
"115",6,2,0,0.3,0.4,18,2,0.341525964987211,-0.0908801430650632,0.151394756107425,0.548315689193649
"116",6,2,0,0.35,0.4,18,2,0.397033015235811,0.0907847946230227,0.111069953811924,0.413719347294214
"117",6,2,0,0.4,0.4,18,2,0.380557330730726,-0.267169590725663,0.142742992995158,0.061250514172414
"118",6,2,0,0.3,0.3,20,2,0.338003178162697,-0.020282322563002,0.0723404747599199,0.779191279203463
"119",6,2,0,0.35,0.3,20,2,0.158011381844521,0.159205519543226,0.0992787503605665,0.108797550935207
"120",6,2,0,0.4,0.3,20,2,0.345193736514234,-0.141933376517783,0.133837671970638,0.288922199811485
"121",6,2,0,0.3,0.35,20,2,0.377063690332108,-0.0218153434247252,0.12504712168331,0.861506335872326
"122",6,2,0,0.35,0.35,20,2,0.396197819704638,-0.161133100164051,0.119328927656894,0.176911042063035
"123",6,2,0,0.4,0.35,20,2,0.38518220059139,0.0711941458744509,0.150663787342773,0.636543861461854
"124",6,2,0,0.3,0.4,20,2,0.316028678556825,0.168383439863317,0.0964558567657815,0.080862282732243
"125",6,2,0,0.35,0.4,20,2,0.336109873299301,0.173405308920431,0.115079901916051,0.131855440117647
"126",6,2,0,0.4,0.4,20,2,0.485480420556994,0.0551038361650917,0.0935222409977436,0.55572330331608
"127",6,2,0,0.3,0.3,8,3,0.273432843532085,0.112009317219382,0.0674642802547385,0.0968589658522784
"128",6,2,0,0.35,0.3,8,3,0.298717102301844,-0.328310396844305,0.184747370318356,0.0755554878883182
"129",6,2,0,0.4,0.3,8,3,0.383788200455245,0.340851880851036,0.171647129824779,0.0470587648592843
"130",6,2,0,0.3,0.35,8,3,0.303208450792613,0.327580085528794,0.109419408177675,0.00275524332467845
"131",6,2,0,0.35,0.35,8,3,0.296092944856915,-0.0924456783322265,0.12508293826466,0.459861428726957
"132",6,2,0,0.4,0.35,8,3,0.420628551161015,-0.169303472850351,0.161214941518015,0.293638882794765
"133",6,2,0,0.3,0.4,8,3,0.39493138746202,0.0442395962241569,0.150527285895807,0.768836212168574
"134",6,2,0,0.35,0.4,8,3,0.184678614612429,-0.294339654873227,0.170455968014731,0.0842074995565662
"135",6,2,0,0.4,0.4,8,3,0.390092253831826,0.200039565394708,0.258057987732826,0.438237484065215
"136",6,2,0,0.3,0.3,10,3,0.340540029488793,0.0699143774147957,0.195085621422414,0.720060520054621
"137",6,2,0,0.35,0.3,10,3,0.463849344708997,0.215965298950982,0.14428654725024,0.134450366305368
"138",6,2,0,0.4,0.3,10,3,0.375533224878939,0.114277489222343,0.187537641174602,0.542287427466805
"139",6,2,0,0.3,0.35,10,3,0.176690649862633,-0.116605689175667,0.114638982077091,0.309079386687487
"140",6,2,0,0.35,0.35,10,3,0.208168919037201,0.0743166558267561,0.136735023058683,0.586779697064909
"141",6,2,0,0.4,0.35,10,3,0.482763275206017,0.103995736262972,0.13420904867763,0.438411325827533
"142",6,2,0,0.3,0.4,10,3,0.205853750385137,-0.035372161727635,0.153445075341219,0.817687709180127
"143",6,2,0,0.35,0.4,10,3,0.264178342776903,0.199138856862894,0.143002157317411,0.163753366984345
"144",6,2,0,0.4,0.4,10,3,0.432416922224289,0.132338130638018,0.111636754914009,0.23584545040009
"145",6,2,0,0.3,0.3,12,3,0.452257902097088,0.0460596735106824,0.161276374922155,0.775188584160333
"146",6,2,0,0.35,0.3,12,3,0.3875549887043,-0.0380612861459468,0.102269485568156,0.709768816401436
"147",6,2,0,0.4,0.3,12,3,0.472407676101969,0.0772165541137726,0.140735772223473,0.583236532128819
"148",6,2,0,0.3,0.35,12,3,0.138042886164288,0.147767303511481,0.132522427846696,0.264834912144546
"149",6,2,0,0.35,0.35,12,3,0.499030656495592,-0.247737151622706,0.111032670421967,0.0256672534615297
"150",6,2,0,0.4,0.35,12,3,0.414660620150684,-0.0305341675855804,0.159944718332411,0.848600409113877
"151",6,2,0,0.3,0.4,12,3,0.444861548551939,-0.0174475277511654,0.222533642890909,0.937506691738321
"152",6,2,0,0.35,0.4,12,3,0.258370911997489,-0.00762512782190528,0.189131151792755,0.967840707733438
"153",6,2,0,0.4,0.4,12,3,0.330699699367892,0.0219936064963,0.0789611570808743,0.7806001403134
"154",6,2,0,0.3,0.3,14,3,0.414450122227616,-0.12841830267824,0.155857119395377,0.409968591493639
"155",6,2,0,0.35,0.3,14,3,0.326792091590221,-0.152388328001645,0.193548565032257,0.431083462258866
"156",6,2,0,0.4,0.3,14,3,0.33786004768063,-0.0270118845104821,0.183629180206468,0.883052951893165
"157",6,2,0,0.3,0.35,14,3,0.258358805303031,0.00361445259510518,0.0851295577842452,0.966133388256236
"158",6,2,0,0.35,0.35,14,3,0.255553698883709,0.13021387191941,0.175861940013107,0.459037687308212
"159",6,2,0,0.4,0.35,14,3,0.426889936958126,-0.0479732122202101,0.0932344926388667,0.60687198010312
"160",6,2,0,0.3,0.4,14,3,0.283740459361685,-0.0944446872918201,0.21063022481716,0.653871069678276
"161",6,2,0,0.35,0.4,14,3,0.35598476298989,0.210986897384187,0.152568100046676,0.166694581939689
"162",6,2,0,0.4,0.4,14,3,0.468113047557641,-0.0690177914256764,0.167204484845216,0.679771643953035
"163",6,2,0,0.3,0.3,16,3,0.327683002159582,0.0742275416549449,0.112358993285216,0.508850653093652
"164",6,2,0,0.35,0.3,16,3,0.353845594186924,0.00372048700634942,0.121909531086078,0.975653598381179
"165",6,2,0,0.4,0.3,16,3,0.44408966019327,0.0986844272231227,0.137498585766073,0.472934693235604
"166",6,2,0,0.3,0.35,16,3,0.29313578924344,0.0401624449458433,0.103139537731583,0.696980924946071
"167",6,2,0,0.35,0.35,16,3,0.291539332401603,0.164018763082791,0.1599315268127,0.305100839201188
"168",6,2,0,0.4,0.35,16,3,0.318180433232172,0.145702300041031,0.141404989766391,0.302826923681366
"169",6,2,0,0.3,0.4,16,3,0.227364098244632,0.0773946470232092,0.169287470875508,0.647542516961636
"170",6,2,0,0.35,0.4,16,3,0.24652583715759,-0.0878011416687021,0.11947436910273,0.4624033153089
"171",6,2,0,0.4,0.4,16,3,0.356733873421197,-0.107633384404076,0.133416387665088,0.419811767834536
"172",6,2,0,0.3,0.3,18,3,0.269048382090641,-0.0115801562484084,0.104188122368992,0.911500090953795
"173",6,2,0,0.35,0.3,18,3,0.330544004459782,0.110956273867157,0.0747506342075611,0.137715489098732
"174",6,2,0,0.4,0.3,18,3,0.524899916085163,0.150166433314743,0.120451423929986,0.212508605687689
"175",6,2,0,0.3,0.35,18,3,0.209306025391605,-0.123854755797652,0.063169863697029,0.0499184563498022
"176",6,2,0,0.35,0.35,18,3,0.282746076884545,0.148999697134462,0.0912337577151238,0.102434489705135
"177",6,2,0,0.4,0.35,18,3,0.310578080142268,-0.2373745540071,0.1129737993894,0.0356280685934078
"178",6,2,0,0.3,0.4,18,3,0.323203222855701,0.0356110560043656,0.0707517026194589,0.614736236694498
"179",6,2,0,0.35,0.4,18,3,0.345019758184101,0.114154927138659,0.0742205903929609,0.124036560940086
"180",6,2,0,0.4,0.4,18,3,0.454491969643547,0.0844907738236933,0.18379420616085,0.645729314852468
"181",6,2,0,0.3,0.3,20,3,0.334996839330174,-0.163934432689605,0.107173385907655,0.126111097609281
"182",6,2,0,0.35,0.3,20,3,0.140450343119752,-0.278157515314847,0.13853244142433,0.0446552801353578
"183",6,2,0,0.4,0.3,20,3,0.489986837594321,-0.170179926646029,0.0892283930684821,0.0564895648499511
"184",6,2,0,0.3,0.35,20,3,0.272569351636628,0.084515872742907,0.128763236606438,0.511588350534519
"185",6,2,0,0.35,0.35,20,3,0.35294985207302,0.00930600040298524,0.110503837484891,0.93288606981685
"186",6,2,0,0.4,0.35,20,3,0.33571975756692,0.175497426375884,0.130335677828246,0.178140241837773
"187",6,2,0,0.3,0.4,20,3,0.167474298645467,0.0212149692566663,0.157029156975915,0.89253114788932
"188",6,2,0,0.35,0.4,20,3,0.36221011403674,-0.0601079952076615,0.0614680260593471,0.328136559766203
"189",6,2,0,0.4,0.4,20,3,0.426485017131259,-0.0314822301400552,0.137298785684373,0.818637912500689
"190",6,2,0,0.3,0.3,8,4,0.276237145455511,0.0534637359875334,0.122373317244253,0.662190784218477
"191",6,2,0,0.35,0.3,8,4,0.347684780579957,0.0912255363394698,0.187407740084624,0.626417283274741
"192",6,2,0,0.4,0.3,8,4,0.503590678958764,-0.255465553055362,0.151751162519242,0.0922879363314108
"193",6,2,0,0.3,0.35,8,4,0.318736457562486,0.39761771973019,0.124249019576329,0.00137347567991171
"194",6,2,0,0.35,0.35,8,4,0.305152117487025,0.135131618288308,0.160690024576947,0.400378239510794
"195",6,2,0,0.4,0.35,8,4,0.34643006784407,0.102772231878277,0.103056431968395,0.31864691980018
"196",6,2,0,0.3,0.4,8,4,0.177781476971837,0.0486197735761786,0.172300405319376,0.777805291973505
"197",6,2,0,0.35,0.4,8,4,0.377223172348212,0.282813132034367,0.125923198283171,0.0247092839130422
"198",6,2,0,0.4,0.4,8,4,0.25786317280606,-0.164842912807404,0.220726811404915,0.455172999420091
"199",6,2,0,0.3,0.3,10,4,0.282271345714884,0.152386416485389,0.15884034865408,0.337373171498378
"200",6,2,0,0.35,0.3,10,4,0.330491612675235,0.25264952624877,0.164666062500786,0.124952301884349
"201",6,2,0,0.4,0.3,10,4,0.491105186313185,0.0439807891637396,0.153358961824164,0.774278250717553
"202",6,2,0,0.3,0.35,10,4,0.289394399554036,-0.0217002900256569,0.191217565351052,0.909646201192814
"203",6,2,0,0.35,0.35,10,4,0.303983233156048,0.0505676759803544,0.126717585263293,0.689850411135174
"204",6,2,0,0.4,0.35,10,4,0.412480235452873,-0.05032566741317,0.1807450355671,0.780678780340746
"205",6,2,0,0.3,0.4,10,4,0.313515127421641,0.0387601109256712,0.155479432933041,0.803133266828998
"206",6,2,0,0.35,0.4,10,4,0.232412502396657,0.279696324638665,0.110664485833121,0.0114901958924646
"207",6,2,0,0.4,0.4,10,4,0.409532970953914,0.0059980668358226,0.219173778518681,0.97816724404944
"208",6,2,0,0.3,0.3,12,4,0.298452864647374,-0.0111527537771319,0.181473417923983,0.950995513494919
"209",6,2,0,0.35,0.3,12,4,0.315914813986981,-0.0199055262402386,0.150165098164497,0.89454326026335
"210",6,2,0,0.4,0.3,12,4,0.411388393830364,-0.122006262787456,0.144235380031466,0.397617990602851
"211",6,2,0,0.3,0.35,12,4,0.339903879004597,0.148017541085623,0.135641796499996,0.275167981827193
"212",6,2,0,0.35,0.35,12,4,0.317530536567569,-0.254760258396199,0.177207327587087,0.150536359934083
"213",6,2,0,0.4,0.35,12,4,0.444141740115556,0.0219860100678146,0.113194962658188,0.845994738892215
"214",6,2,0,0.3,0.4,12,4,0.39804005402592,0.0665395840064031,0.136907805097665,0.626954785075367
"215",6,2,0,0.35,0.4,12,4,0.293011263310371,-0.103823497803219,0.152621526002586,0.496334958643454
"216",6,2,0,0.4,0.4,12,4,0.441110391393201,-0.242418477409723,0.0596147484030308,4.77413022306703e-05
"217",6,2,0,0.3,0.3,14,4,0.267887696951514,0.0443499900126443,0.165243654855501,0.78839799268481
"218",6,2,0,0.35,0.3,14,4,0.377484997534862,-0.1353938473767,0.176455222944335,0.442903994405923
"219",6,2,0,0.4,0.3,14,4,0.450007249447523,-0.00274673080805421,0.222643199477073,0.990156813600936
"220",6,2,0,0.3,0.35,14,4,0.272342839910352,0.172343929251637,0.114525496423665,0.132362115744666
"221",6,2,0,0.35,0.35,14,4,0.295270168170557,0.0683729619757476,0.107713317613432,0.525579768173663
"222",6,2,0,0.4,0.35,14,4,0.363553384983911,0.260068906963553,0.142895088123726,0.0687591683968607
"223",6,2,0,0.3,0.4,14,4,0.265045134384484,-0.0743228663856663,0.0701207112291937,0.289177608125531
"224",6,2,0,0.35,0.4,14,4,0.454084891877259,0.0762714038907528,0.13856631576935,0.582022761015405
"225",6,2,0,0.4,0.4,14,4,0.362371721266543,0.0956577151282134,0.20085284306428,0.633890789729373
"226",6,2,0,0.3,0.3,16,4,0.429604037163223,0.144871337622447,0.171946704896586,0.399487839305377
"227",6,2,0,0.35,0.3,16,4,0.382841145002783,-0.0125795674866112,0.196332454881137,0.948912270447009
"228",6,2,0,0.4,0.3,16,4,0.337690311989073,-0.0896007918773813,0.085362788372784,0.293880454975546
"229",6,2,0,0.3,0.35,16,4,0.22984505598461,0.0821497644092437,0.155401359389899,0.597062395927693
"230",6,2,0,0.35,0.35,16,4,0.44998189938568,0.020858861727473,0.116432656861532,0.857820251439212
"231",6,2,0,0.4,0.35,16,4,0.394074216252283,0.107315506272539,0.134497920795313,0.424930183502175
"232",6,2,0,0.3,0.4,16,4,0.167484436273836,-0.0316995057087017,0.138512192465051,0.818979945469824
"233",6,2,0,0.35,0.4,16,4,0.255123168990123,0.268380026877856,0.137121115007695,0.0503183189626085
"234",6,2,0,0.4,0.4,16,4,0.361857305727558,0.0219734438137815,0.135707410040123,0.871370593905747
"235",6,2,0,0.3,0.3,18,4,0.314818732914279,0.0123822961850766,0.0780034394275695,0.873873417133433
"236",6,2,0,0.35,0.3,18,4,0.197520049779476,-0.0788313686748525,0.136355819710623,0.563176459991596
"237",6,2,0,0.4,0.3,18,4,0.363670488885737,-0.175293315592474,0.101986910495395,0.0856539856995369
"238",6,2,0,0.3,0.35,18,4,0.31596626859286,-0.054033125562881,0.100429147883715,0.590561622751392
"239",6,2,0,0.35,0.35,18,4,0.345899143824023,-0.0132408551577368,0.099472562025049,0.894105890353266
"240",6,2,0,0.4,0.35,18,4,0.37109872989633,-0.136510399660801,0.141610485502078,0.335053390344808
"241",6,2,0,0.3,0.4,18,4,0.468271127756479,0.0385577818615266,0.172238447725611,0.822864059323409
"242",6,2,0,0.35,0.4,18,4,0.323508886984259,0.00238614162469553,0.126035184518781,0.984895076397208
"243",6,2,0,0.4,0.4,18,4,0.386207516129656,-0.258782019521058,0.118923441501306,0.0295523615802034
"244",6,2,0,0.3,0.3,20,4,0.117804282803944,-0.104256770631451,0.139212248798515,0.453914373622108
"245",6,2,0,0.35,0.3,20,4,0.399377107088289,-0.0314286772853398,0.125495942908594,0.802250344446206
"246",6,2,0,0.4,0.3,20,4,0.295774619409886,-0.0434147404337937,0.10538849682405,0.680376425178602
"247",6,2,0,0.3,0.35,20,4,0.242151502298328,-0.00772332042679924,0.0762046309580684,0.91927282332604
"248",6,2,0,0.35,0.35,20,4,0.320146273046995,-0.18128440447458,0.142215809486942,0.20241068615846
"249",6,2,0,0.4,0.35,20,4,0.404676986425,0.00225611983235074,0.112110841705702,0.983944445867267
"250",6,2,0,0.3,0.4,20,4,0.420066678818283,-0.0851916566142217,0.135532104945276,0.529629439372162
"251",6,2,0,0.35,0.4,20,4,0.29512762208633,0.0453078290499505,0.108195086073536,0.675391170579845
"252",6,2,0,0.4,0.4,20,4,0.309641930479839,-0.0429368969452466,0.150572836211404,0.775523868926196
"253",6,2,0,0.3,0.3,8,5,0.17843869472005,0.226771690619198,0.10328818156625,0.0281260249447095
"254",6,2,0,0.35,0.3,8,5,0.253900504931201,-0.122348395872441,0.134229717757786,0.362039800826009
"255",6,2,0,0.4,0.3,8,5,0.348705038307551,-0.0208811883214914,0.188550011232033,0.911817646549642
"256",6,2,0,0.3,0.35,8,5,0.482168423786221,0.0704425307507992,0.195809881477122,0.719034380340655
"257",6,2,0,0.35,0.35,8,5,0.483851039528664,0.0492356692904474,0.0891401118766838,0.58071527726248
"258",6,2,0,0.4,0.35,8,5,0.309272523959499,0.186993519133092,0.178609316293578,0.29512652479407
"259",6,2,0,0.3,0.4,8,5,0.342231400231252,-0.0266653781440529,0.199432490119208,0.893634831982105
"260",6,2,0,0.35,0.4,8,5,0.343197653208839,0.302938487089836,0.202791010764478,0.135215943799264
"261",6,2,0,0.4,0.4,8,5,0.32064295186082,-0.0722358136838264,0.11827155315922,0.541356911145107
"262",6,2,0,0.3,0.3,10,5,0.364551195752165,0.088873096768058,0.123677993045248,0.4723969267089
"263",6,2,0,0.35,0.3,10,5,0.36410449910045,-0.071222585614259,0.236327774341471,0.763130805688238
"264",6,2,0,0.4,0.3,10,5,0.415141344251339,-0.124633338660564,0.19512475823498,0.522994251938539
"265",6,2,0,0.3,0.35,10,5,0.218907962282907,-0.095018326652951,0.115873004019534,0.41220398803869
"266",6,2,0,0.35,0.35,10,5,0.32751657016292,-0.000835763319701588,0.152756047669726,0.995634612622242
"267",6,2,0,0.4,0.35,10,5,0.44726849806587,-0.176603008096144,0.116845178224036,0.130679583643632
"268",6,2,0,0.3,0.4,10,5,0.235858918851462,0.077004028582953,0.162382048473486,0.635346486061386
"269",6,2,0,0.35,0.4,10,5,0.405334790580002,-0.263829076752611,0.127265478965306,0.0381666207468296
"270",6,2,0,0.4,0.4,10,5,0.355582034341027,-0.209944070182866,0.176305552126288,0.233733403550941
"271",6,2,0,0.3,0.3,12,5,0.346367426366248,-0.248852515389427,0.11295493049646,0.0275867604478761
"272",6,2,0,0.35,0.3,12,5,0.341359531868883,-0.126605648795558,0.105397273825512,0.22966463868366
"273",6,2,0,0.4,0.3,12,5,0.497723252189496,0.224238245002658,0.16310288452253,0.169185093723289
"274",6,2,0,0.3,0.35,12,5,0.233103771262403,-0.0817028530294741,0.191516126785436,0.669662811188139
"275",6,2,0,0.35,0.35,12,5,0.34094108926487,0.0552167338388463,0.117387313221559,0.638083006274115
"276",6,2,0,0.4,0.35,12,5,0.536727688623305,-0.0798333731831415,0.122220375362859,0.513632497776084
"277",6,2,0,0.3,0.4,12,5,0.295939680197205,0.160233718931506,0.162267383708347,0.323413655193091
"278",6,2,0,0.35,0.4,12,5,0.23296621808696,-0.154275343638336,0.136356962477274,0.257883450821039
"279",6,2,0,0.4,0.4,12,5,0.379971048014157,0.272204866813607,0.145688266973279,0.0617054682467998
"280",6,2,0,0.3,0.3,14,5,0.380592648434977,0.0154953932300446,0.0954530941993458,0.871041928936461
"281",6,2,0,0.35,0.3,14,5,0.379349533551496,-0.0256971777629902,0.135824865810279,0.849941184920677
"282",6,2,0,0.4,0.3,14,5,0.453028990193026,-0.209289873684714,0.119528869363566,0.0799533702461053
"283",6,2,0,0.3,0.35,14,5,0.387446905421222,-0.047684845025683,0.115378806768477,0.67939454936164
"284",6,2,0,0.35,0.35,14,5,0.310569429892169,0.103901197355293,0.199295358221757,0.602128000090114
"285",6,2,0,0.4,0.35,14,5,0.196376546949372,0.147474395821348,0.0931138423347215,0.113237546762147
"286",6,2,0,0.3,0.4,14,5,0.287604832108485,-0.0424760748733206,0.105653111695417,0.687659479444753
"287",6,2,0,0.35,0.4,14,5,0.355375629834721,-0.131687936997396,0.0922757830222522,0.153547427565532
"288",6,2,0,0.4,0.4,14,5,0.404988194033517,0.0480600931476898,0.175168453508583,0.783804135537079
"289",6,2,0,0.3,0.3,16,5,0.225466184560609,-0.269320371704265,0.166791375523816,0.106372640998225
"290",6,2,0,0.35,0.3,16,5,0.471175419862417,-0.260222621610739,0.142645957560545,0.0681135086147485
"291",6,2,0,0.4,0.3,16,5,0.377540651139805,0.124203495285832,0.148504935311984,0.402952758232596
"292",6,2,0,0.3,0.35,16,5,0.289675771494845,-0.117007587361663,0.165286105055382,0.479001522294027
"293",6,2,0,0.35,0.35,16,5,0.274702182845284,-0.0412782011937307,0.0711137434210051,0.561609026115012
"294",6,2,0,0.4,0.35,16,5,0.446712918959506,0.0853595562426595,0.103220342855683,0.408257199380513
"295",6,2,0,0.3,0.4,16,5,0.268052224110006,0.226130518894697,0.126190393067964,0.0731363496243233
"296",6,2,0,0.35,0.4,16,5,0.329421172441482,0.119682397332563,0.150858845282123,0.427579599480412
"297",6,2,0,0.4,0.4,16,5,0.358673819484444,0.0462802578974808,0.134300270008263,0.730392951165433
"298",6,2,0,0.3,0.3,18,5,0.285093177994295,-0.117141451260584,0.191954015616415,0.541690991535683
"299",6,2,0,0.35,0.3,18,5,0.229152274980355,0.103855678876788,0.102345185930636,0.310220813685471
"300",6,2,0,0.4,0.3,18,5,0.285711286452927,-0.101397231380013,0.119878091448066,0.397644118354225
"301",6,2,0,0.3,0.35,18,5,0.300147300246883,0.121780101381051,0.163122874794053,0.455332577171764
"302",6,2,0,0.35,0.35,18,5,0.449680272471443,0.0530661494932674,0.111292801487246,0.633493400484567
"303",6,2,0,0.4,0.35,18,5,0.304206071614043,-0.0643366077809828,0.153115964270357,0.674352332938226
"304",6,2,0,0.3,0.4,18,5,0.192979343306494,0.0338275398076902,0.116300999725998,0.771156875337729
"305",6,2,0,0.35,0.4,18,5,0.343069300673796,0.130141373365806,0.0674535722334402,0.0536877505482397
"306",6,2,0,0.4,0.4,18,5,0.371067293260666,0.059653851037633,0.103402770868104,0.564001832743725
"307",6,2,0,0.3,0.3,20,5,0.250716087559708,0.12368735582143,0.194845335392616,0.525560413573489
"308",6,2,0,0.35,0.3,20,5,0.453440840069933,-0.0968364461772842,0.125929386864245,0.4419086425157
"309",6,2,0,0.4,0.3,20,5,0.274882660751121,0.0169423046768564,0.154159739841484,0.912487914628339
"310",6,2,0,0.3,0.35,20,5,0.252728017042964,-0.0601742403307357,0.0989926293036746,0.543276440170388
"311",6,2,0,0.35,0.35,20,5,0.312388936151216,0.0512497053818555,0.124876298966867,0.68150977238124
"312",6,2,0,0.4,0.35,20,5,0.260230474066934,-0.201724213739838,0.0780173306376911,0.00972002593144089
"313",6,2,0,0.3,0.4,20,5,0.437981777419339,0.262312794772062,0.120766189714928,0.0298502728118649
"314",6,2,0,0.35,0.4,20,5,0.385108415749808,0.224875503885085,0.132352760788326,0.0893075628976575
"315",6,2,0,0.4,0.4,20,5,0.468206830796373,-0.0431445534248964,0.104365951766195,0.679315898145707
"316",6,2,0,0.3,0.3,8,6,0.237932117633737,0.394326247946057,0.183126084306769,0.0312947439845703
"317",6,2,0,0.35,0.3,8,6,0.464092460123358,0.173372427433454,0.242568413530577,0.474772061384202
"318",6,2,0,0.4,0.3,8,6,0.402316312041642,-0.0887014986178967,0.184230404293842,0.630182165292598
"319",6,2,0,0.3,0.35,8,6,0.464178564375021,0.0651424900553752,0.13489731745186,0.629163712708477
"320",6,2,0,0.35,0.35,8,6,0.335047403266959,-0.0167530791384851,0.171756099729273,0.922297620316221
"321",6,2,0,0.4,0.35,8,6,0.377409400158385,0.379173040732909,0.127333422009647,0.00290328512976517
"322",6,2,0,0.3,0.4,8,6,0.313816560496756,0.298226456898795,0.147792152043152,0.0436040218687913
"323",6,2,0,0.35,0.4,8,6,0.41980186566356,0.0595741506260823,0.19011421051278,0.754007323660448
"324",6,2,0,0.4,0.4,8,6,0.349834378624367,0.270105450804486,0.178746135363154,0.13075988833595
"325",6,2,0,0.3,0.3,10,6,0.267968929465035,-0.135976219819082,0.207885297047558,0.513052194065712
"326",6,2,0,0.35,0.3,10,6,0.352028752115289,-0.27930377480139,0.191560789073409,0.144828824525114
"327",6,2,0,0.4,0.3,10,6,0.368344636675738,0.0150541777359998,0.199474559466154,0.93984143313063
"328",6,2,0,0.3,0.35,10,6,0.444300169068255,0.110037585902354,0.147010395062877,0.454157373326257
"329",6,2,0,0.35,0.35,10,6,0.415030696810166,-0.0743024504573651,0.176956354119764,0.674564793914122
"330",6,2,0,0.4,0.35,10,6,0.423120689562024,0.172857726480743,0.0735578063997088,0.0187755494807464
"331",6,2,0,0.3,0.4,10,6,0.343086763484729,-0.129136770000748,0.158903088034047,0.416403685981692
"332",6,2,0,0.35,0.4,10,6,0.427624658216123,0.0351555408780162,0.161256258004866,0.827421010376253
"333",6,2,0,0.4,0.4,10,6,0.336634232583774,-0.131855763623735,0.165115864077574,0.424542641182362
"334",6,2,0,0.3,0.3,12,6,0.308948854408519,-0.126917240277407,0.237944684084298,0.593763855824768
"335",6,2,0,0.35,0.3,12,6,0.342767315853215,-0.0815645962989549,0.123476217978799,0.508888575855063
"336",6,2,0,0.4,0.3,12,6,0.363956949441105,-0.122580512976481,0.157376279548587,0.436038141672105
"337",6,2,0,0.3,0.35,12,6,0.296011745343259,0.119298325593447,0.152090323503663,0.43281054550496
"338",6,2,0,0.35,0.35,12,6,0.402671704795831,-0.164530662596357,0.111560631342376,0.140263805804611
"339",6,2,0,0.4,0.35,12,6,0.527424689434749,-0.0835084997482261,0.176867591063718,0.636817842669932
"340",6,2,0,0.3,0.4,12,6,0.390522930126511,0.00916738200294986,0.145355814025078,0.94971190924203
"341",6,2,0,0.35,0.4,12,6,0.392929863208329,-0.377458032998142,0.165216416926742,0.0223346564913736
"342",6,2,0,0.4,0.4,12,6,0.46673395798353,0.0451168062888405,0.126418348217467,0.72117793451091
"343",6,2,0,0.3,0.3,14,6,0.349955896946339,0.0868606617714374,0.142635925416795,0.542545893545722
"344",6,2,0,0.35,0.3,14,6,0.344005885210001,-0.0313756974520731,0.110822667303604,0.777087728959343
"345",6,2,0,0.4,0.3,14,6,0.406531829919499,0.165936549210717,0.138826948948666,0.231979131936565
"346",6,2,0,0.3,0.35,14,6,0.496517711533029,0.00137018387883847,0.139076356187666,0.992139347714786
"347",6,2,0,0.35,0.35,14,6,0.385421440713451,-0.188040939993646,0.0703026362147003,0.00747882822910239
"348",6,2,0,0.4,0.35,14,6,0.305438324454949,0.270677489333208,0.176437156490138,0.12499773773493
"349",6,2,0,0.3,0.4,14,6,0.427554017701439,-0.220668721707314,0.120188774288488,0.0663550330462114
"350",6,2,0,0.35,0.4,14,6,0.248877417347381,0.0439043819268854,0.101152109752827,0.664257095707712
"351",6,2,0,0.4,0.4,14,6,0.494845189407009,-0.115317247111073,0.122828567308761,0.347809240507536
"352",6,2,0,0.3,0.3,16,6,0.349709087148383,-0.0261421696914041,0.16069634590742,0.870769963014749
"353",6,2,0,0.35,0.3,16,6,0.415394303003165,0.263603446349646,0.0930890589716396,0.00462963555206532
"354",6,2,0,0.4,0.3,16,6,0.310118436811207,-0.00914490158117465,0.0813554525170393,0.910500907724074
"355",6,2,0,0.3,0.35,16,6,0.293471221676672,0.017113446940408,0.0899450489207922,0.849101023780856
"356",6,2,0,0.35,0.35,16,6,0.338095825300749,0.164601922273438,0.192407840854446,0.392282991051541
"357",6,2,0,0.4,0.35,16,6,0.456620304533551,0.0196160758755295,0.127885239658537,0.878092216661037
"358",6,2,0,0.3,0.4,16,6,0.346040431335219,-0.13428003764616,0.153393229680576,0.381357702618937
"359",6,2,0,0.35,0.4,16,6,0.389067963387311,-0.130058988583729,0.171275700974429,0.447640473824181
"360",6,2,0,0.4,0.4,16,6,0.417090917794719,0.179483004928564,0.0608323836266503,0.00317309733039073
"361",6,2,0,0.3,0.3,18,6,0.296696149369792,0.100532111533061,0.146734302673254,0.493261724290817
"362",6,2,0,0.35,0.3,18,6,0.493997524644026,-0.132209420745848,0.149360674942351,0.376065556148583
"363",6,2,0,0.4,0.3,18,6,0.446967940028955,-0.206586761952295,0.117617266331336,0.0790146270100291
"364",6,2,0,0.3,0.35,18,6,0.261125082638857,-0.0140823967426247,0.0970295861555436,0.88460422172496
"365",6,2,0,0.35,0.35,18,6,0.336949649606084,0.0105117918357114,0.132674887958778,0.936849920065917
"366",6,2,0,0.4,0.35,18,6,0.465604475323094,0.0064891937456153,0.149193856775964,0.965306913070775
"367",6,2,0,0.3,0.4,18,6,0.304109321456838,-0.12984268683341,0.132478827004597,0.327036056941641
"368",6,2,0,0.35,0.4,18,6,0.342669914113972,0.0893920208703924,0.133233182124519,0.502256124864677
"369",6,2,0,0.4,0.4,18,6,0.318632625606848,-0.278244326999331,0.109206707281487,0.0108383324396117
"370",6,2,0,0.3,0.3,20,6,0.229025011399069,0.0469644369348918,0.15961938376753,0.768583949997343
"371",6,2,0,0.35,0.3,20,6,0.254492642073886,-0.0231568445293022,0.148242035694035,0.875867727880285
"372",6,2,0,0.4,0.3,20,6,0.466611761074428,-0.0545784895800523,0.152684299143035,0.720747662146605
"373",6,2,0,0.3,0.35,20,6,0.34264355743232,0.0882609996023054,0.165831769144178,0.594565216067149
"374",6,2,0,0.35,0.35,20,6,0.418647187071357,-0.035927729720882,0.0824051335395736,0.662844728540905
"375",6,2,0,0.4,0.35,20,6,0.445665217059134,0.0973168984377826,0.112552854825161,0.387240322718873
"376",6,2,0,0.3,0.4,20,6,0.318365192772838,0.0707331646200438,0.0989188680294449,0.474570477218869
"377",6,2,0,0.35,0.4,20,6,0.283349295952497,0.0857750779887863,0.130831727811673,0.512072684602133
"378",6,2,0,0.4,0.4,20,6,0.552434039561008,0.0208870657307794,0.178642101044544,0.90692242321117
"379",6,2,0,0.3,0.3,8,7,0.406340989461174,0.238277452897949,0.178573304746877,0.182092546808605
"380",6,2,0,0.35,0.3,8,7,0.409985656831309,-0.122299576509552,0.158009406172407,0.43892968296383
"381",6,2,0,0.4,0.3,8,7,0.310394339606954,0.123357902334,0.1490991125842,0.408035855482427
"382",6,2,0,0.3,0.35,8,7,0.304129987895423,-0.0751845738106018,0.200079364760029,0.707085102137542
"383",6,2,0,0.35,0.35,8,7,0.325316833993728,-0.28642863484231,0.134772808727951,0.0335640729258694
"384",6,2,0,0.4,0.35,8,7,0.387532835704169,-0.0571864298870759,0.158525692066042,0.718294424550991
"385",6,2,0,0.3,0.4,8,7,0.217296387825552,0.243214053810823,0.276912051489113,0.379776627480126
"386",6,2,0,0.35,0.4,8,7,0.439232229793874,-0.0931069236873729,0.188543495113787,0.621431902654772
"387",6,2,0,0.4,0.4,8,7,0.358440603175755,0.308091980273233,0.17492183024679,0.0781855505354413
"388",6,2,0,0.3,0.3,10,7,0.381918424782703,-0.0196754015974885,0.110563112730804,0.858757301522297
"389",6,2,0,0.35,0.3,10,7,0.314390714724649,0.17240119588805,0.103185445480156,0.09476319232979
"390",6,2,0,0.4,0.3,10,7,0.583302064236592,0.14587273652658,0.103925976028498,0.160431583150834
"391",6,2,0,0.3,0.35,10,7,0.196972021797897,0.0430908443476499,0.118343254014511,0.715770303769677
"392",6,2,0,0.35,0.35,10,7,0.430585289894851,0.0577187800077903,0.222698278880864,0.795496915694452
"393",6,2,0,0.4,0.35,10,7,0.33008717384838,0.091414302804989,0.103117568203988,0.375345131933163
"394",6,2,0,0.3,0.4,10,7,0.202798151691774,0.025281361230733,0.219751616008167,0.908409322074993
"395",6,2,0,0.35,0.4,10,7,0.222321424215114,0.0591184831063907,0.191326000954386,0.757326501394171
"396",6,2,0,0.4,0.4,10,7,0.306112761515615,-0.083208709305014,0.174676457060983,0.633818610736476
"397",6,2,0,0.3,0.3,12,7,0.251752774896523,0.163100864448398,0.0870615062312969,0.0610134257120978
"398",6,2,0,0.35,0.3,12,7,0.39877452967445,-0.276215795128422,0.139494130829762,0.0476895012904707
"399",6,2,0,0.4,0.3,12,7,0.451023074681331,-0.0182537933080544,0.123543386199994,0.882538422199142
"400",6,2,0,0.3,0.35,12,7,0.403148539333956,0.0382540442809596,0.190215271640651,0.840613175356806
"401",6,2,0,0.35,0.35,12,7,0.328710485749662,0.200790790324403,0.144099840416892,0.163494518621415
"402",6,2,0,0.4,0.35,12,7,0.360933282683376,-0.0487212898258367,0.0759901861790325,0.52142367584416
"403",6,2,0,0.3,0.4,12,7,0.331840381516079,0.081431829472818,0.14443362179294,0.572889528420478
"404",6,2,0,0.35,0.4,12,7,0.369582527353659,-0.162368699983938,0.146104617368991,0.266431468209427
"405",6,2,0,0.4,0.4,12,7,0.28467443012114,0.155322777405613,0.12750140000976,0.223146275529775
"406",6,2,0,0.3,0.3,14,7,0.268591862729863,-0.0563968706227418,0.184892169061173,0.760346548494812
"407",6,2,0,0.35,0.3,14,7,0.398381803915225,0.0563040119609353,0.120011833553922,0.638959680833966
"408",6,2,0,0.4,0.3,14,7,0.406729453073918,0.121370253333802,0.0769566765395536,0.114766900811249
"409",6,2,0,0.3,0.35,14,7,0.373537185321613,0.0957747971283758,0.135426736912943,0.479437570173536
"410",6,2,0,0.35,0.35,14,7,0.265496410658207,-0.0160633151879406,0.0735216947228485,0.827052010239213
"411",6,2,0,0.4,0.35,14,7,0.504042051807716,0.104993375273304,0.114367486770579,0.358600452947882
"412",6,2,0,0.3,0.4,14,7,0.346951605993713,0.0173483189087729,0.186675183939768,0.925956644108768
"413",6,2,0,0.35,0.4,14,7,0.372119626861526,-0.146083937599632,0.180373768379716,0.418000129175619
"414",6,2,0,0.4,0.4,14,7,0.272027851348923,-0.146137981968005,0.116109928057652,0.208168539815113
"415",6,2,0,0.3,0.3,16,7,0.189604689493614,-0.083902474415726,0.181972292504198,0.644746375655919
"416",6,2,0,0.35,0.3,16,7,0.292761950789728,0.0120284169217859,0.154226145448182,0.937834357958387
"417",6,2,0,0.4,0.3,16,7,0.291673529208012,0.0648667270227921,0.136905728844491,0.635638405277336
"418",6,2,0,0.3,0.35,16,7,0.251894566101267,0.101963551046964,0.0630241725862285,0.105695292421223
"419",6,2,0,0.35,0.35,16,7,0.272219745680375,0.119432996109473,0.0925938536020964,0.197099690783569
"420",6,2,0,0.4,0.35,16,7,0.426585862860008,-0.146174440667099,0.119223652629333,0.220178971844475
"421",6,2,0,0.3,0.4,16,7,0.315713498136917,0.0333666305253368,0.135213753536114,0.805086615105041
"422",6,2,0,0.35,0.4,16,7,0.359956970979111,0.0230990629575567,0.122231081270844,0.850109561452781
"423",6,2,0,0.4,0.4,16,7,0.371137056366681,0.00380114816487387,0.118237217275821,0.974353632816338
"424",6,2,0,0.3,0.3,18,7,0.379213498486851,0.058298930870754,0.151613407184822,0.700590418709047
"425",6,2,0,0.35,0.3,18,7,0.40184503658644,0.141881317912333,0.086018409014584,0.0990596359096532
"426",6,2,0,0.4,0.3,18,7,0.209253643397606,0.128832118176778,0.102014930436923,0.206634060266099
"427",6,2,0,0.3,0.35,18,7,0.278759907528682,0.25317599717828,0.179653430653106,0.158762244930054
"428",6,2,0,0.35,0.35,18,7,0.352772778928405,-0.0868055682519695,0.144235027625486,0.547284526879303
"429",6,2,0,0.4,0.35,18,7,0.4461576813212,-0.0255960581261134,0.118940482247683,0.829610956044772
"430",6,2,0,0.3,0.4,18,7,0.236925462028728,-0.0514503774329484,0.134260148859921,0.701561050118646
"431",6,2,0,0.35,0.4,18,7,0.262094707364434,-0.267459679495587,0.0795566203489211,0.000774142207901197
"432",6,2,0,0.4,0.4,18,7,0.430146152085877,-0.227474981251909,0.0655976695444411,0.000524875118161174
"433",6,2,0,0.3,0.3,20,7,0.405209464658543,0.279864866251827,0.0824133584427356,0.000684114047673754
"434",6,2,0,0.35,0.3,20,7,0.334638489206115,-0.0438924504258855,0.152619201041468,0.773657117276758
"435",6,2,0,0.4,0.3,20,7,0.344466586583616,-0.0157346928864057,0.15942072031023,0.921377127340143
"436",6,2,0,0.3,0.35,20,7,0.3521170356264,-0.028529042030383,0.0732263663802298,0.696831850294995
"437",6,2,0,0.35,0.35,20,7,0.339323021331877,-0.0193173222926384,0.0760556067628431,0.79950370288395
"438",6,2,0,0.4,0.35,20,7,0.361129740979552,-0.0663404779542569,0.106720265052524,0.534185438818884
"439",6,2,0,0.3,0.4,20,7,0.228743431106993,-0.0546210448370692,0.0833578903926485,0.512300728207937
"440",6,2,0,0.35,0.4,20,7,0.384470576929812,-0.229849020607088,0.0903027842345739,0.0109179236050783
"441",6,2,0,0.4,0.4,20,7,0.471364132982852,-0.21528973936624,0.101092397984639,0.0332018977686242
"442",6,2,0,0.3,0.3,8,8,0.329467107283431,-0.206102567980753,0.20065548953194,0.3043515226848
"443",6,2,0,0.35,0.3,8,8,0.429120260042018,-0.253610044194188,0.145153186024281,0.0806045660354595
"444",6,2,0,0.4,0.3,8,8,0.462490155805783,0.255332746392278,0.147054421981887,0.0825082152640761
"445",6,2,0,0.3,0.35,8,8,0.23291402732206,0.0566636193058758,0.162875714842295,0.727919167276614
"446",6,2,0,0.35,0.35,8,8,0.313318939727588,0.120274940096152,0.128836522868809,0.350537652768564
"447",6,2,0,0.4,0.35,8,8,0.455583930290525,-0.390105978933077,0.194253704320436,0.0446189317512624
"448",6,2,0,0.3,0.4,8,8,0.224890114126552,-0.226767163546829,0.184918532701236,0.22008261387331
"449",6,2,0,0.35,0.4,8,8,0.183337974166239,0.209697136367769,0.112864222827097,0.0631747892998004
"450",6,2,0,0.4,0.4,8,8,0.316968995174958,0.0541745138562217,0.213802724617416,0.799970318531098
"451",6,2,0,0.3,0.3,10,8,0.286539044838701,-0.312563830727014,0.177986796616811,0.079070167657916
"452",6,2,0,0.35,0.3,10,8,0.314087293678919,-0.00712894332328684,0.128040983055253,0.955599088134941
"453",6,2,0,0.4,0.3,10,8,0.289350197292002,-0.171717895033397,0.237195719317226,0.469096292115975
"454",6,2,0,0.3,0.35,10,8,0.315676483621486,-0.105877522760104,0.167324254904602,0.526884810553679
"455",6,2,0,0.35,0.35,10,8,0.322833173638204,-0.0955369839921745,0.143425834091461,0.505342568335413
"456",6,2,0,0.4,0.35,10,8,0.346444670195245,0.0680882471761763,0.197163098631823,0.729838997040009
"457",6,2,0,0.3,0.4,10,8,0.368421864392029,0.0852022848260368,0.197497525556505,0.666170731609697
"458",6,2,0,0.35,0.4,10,8,0.326825748022388,-0.248775692656837,0.155906556302549,0.110562091676672
"459",6,2,0,0.4,0.4,10,8,0.348234608795857,-0.221636679574505,0.111444465899259,0.046727319734325
"460",6,2,0,0.3,0.3,12,8,0.243849387117131,0.336849773352833,0.0956105093977318,0.000426456543808029
"461",6,2,0,0.35,0.3,12,8,0.303128273401398,0.102822497311045,0.12443997891406,0.408644220865675
"462",6,2,0,0.4,0.3,12,8,0.430230589960464,-0.152786347613629,0.154919614242007,0.324020335481215
"463",6,2,0,0.3,0.35,12,8,0.320611256880949,-0.200036379320864,0.080440194965442,0.0128908188443357
"464",6,2,0,0.35,0.35,12,8,0.259913543349008,0.0471034838871698,0.141159599508384,0.7386138324699
"465",6,2,0,0.4,0.35,12,8,0.396688076290094,-0.0222295350261934,0.203158456691475,0.912869618424034
"466",6,2,0,0.3,0.4,12,8,0.155390794129466,0.0659353894921804,0.108634062621499,0.543884429508326
"467",6,2,0,0.35,0.4,12,8,0.29548803814472,-0.0782590419444709,0.109931601919713,0.476533830987873
"468",6,2,0,0.4,0.4,12,8,0.384188051420279,-0.292927378251593,0.140748977231794,0.0374152090914838
"469",6,2,0,0.3,0.3,14,8,0.368600381288602,0.172204368312033,0.141457304976009,0.223467534374789
"470",6,2,0,0.35,0.3,14,8,0.331638924456046,0.176399096487113,0.116715561607918,0.130697048631004
"471",6,2,0,0.4,0.3,14,8,0.263358419145731,-0.132357286623485,0.0975546192492022,0.174860473890565
"472",6,2,0,0.3,0.35,14,8,0.235881794162751,-0.239354546021824,0.120660701050927,0.0472893736824
"473",6,2,0,0.35,0.35,14,8,0.209892211134858,0.0666121815252838,0.0840981810039614,0.428316150253177
"474",6,2,0,0.4,0.35,14,8,0.425348585373158,0.299612802729969,0.151489509824815,0.0479536200893814
"475",6,2,0,0.3,0.4,14,8,0.314586438192898,-0.0016352977093741,0.103970139742459,0.987450964263772
"476",6,2,0,0.35,0.4,14,8,0.348720486153942,0.0960395962435905,0.0570922875252623,0.0925336286978567
"477",6,2,0,0.4,0.4,14,8,0.454928120939309,-0.0357964872964169,0.169052849146466,0.832304171100292
"478",6,2,0,0.3,0.3,16,8,0.184121557272509,-0.0280266543770091,0.137743279252011,0.838767525237704
"479",6,2,0,0.35,0.3,16,8,0.379590599421025,0.202912803880867,0.144957828246292,0.161571490550549
"480",6,2,0,0.4,0.3,16,8,0.343868452479829,-0.206771446478631,0.116470242723465,0.0758457801876389
"481",6,2,0,0.3,0.35,16,8,0.350595406743227,0.127500612163718,0.119903733061668,0.287619562300947
"482",6,2,0,0.35,0.35,16,8,0.345937836553424,-0.165817495868301,0.116459234972772,0.154497321756648
"483",6,2,0,0.4,0.35,16,8,0.460459708060687,0.279272379591847,0.15206796221943,0.0662841628609244
"484",6,2,0,0.3,0.4,16,8,0.171635344346001,-0.0567291577085813,0.102483249219533,0.579889824568889
"485",6,2,0,0.35,0.4,16,8,0.316234732342979,0.103448078685575,0.125615271028131,0.410206055539301
"486",6,2,0,0.4,0.4,16,8,0.317024002855391,0.207495147722223,0.109948921185231,0.0591339883532508
"487",6,2,0,0.3,0.3,18,8,0.250228020084742,0.200912913975141,0.118320611818468,0.0895005598217416
"488",6,2,0,0.35,0.3,18,8,0.287430121032132,0.104553871703744,0.112421938734624,0.352364320499133
"489",6,2,0,0.4,0.3,18,8,0.375227521539747,0.157180575458241,0.115061596228185,0.17192141023683
"490",6,2,0,0.3,0.35,18,8,0.2744967242821,-0.111955044599692,0.115747800883256,0.333427776422534
"491",6,2,0,0.35,0.35,18,8,0.387803173936527,-0.0426130441170445,0.0955830433525805,0.655725673416783
"492",6,2,0,0.4,0.35,18,8,0.411604132490034,-0.184306716975216,0.160734876910732,0.251526121888648
"493",6,2,0,0.3,0.4,18,8,0.190339322897861,-0.102884098622092,0.144020434043779,0.474997468313773
"494",6,2,0,0.35,0.4,18,8,0.265126418328076,0.080487226135975,0.16343951563045,0.622395047519404
"495",6,2,0,0.4,0.4,18,8,0.359175164107724,-0.140286283514514,0.0805101113892463,0.0814266062617334
"496",6,2,0,0.3,0.3,20,8,0.348738875369876,0.127963309531794,0.109869562798273,0.244146973354132
"497",6,2,0,0.35,0.3,20,8,0.295908564229657,0.127369263209444,0.0664349536843507,0.055212203103478
"498",6,2,0,0.4,0.3,20,8,0.402064735717521,0.0757486690893079,0.0973413093957109,0.43646527366005
"499",6,2,0,0.3,0.35,20,8,0.213387015698512,-0.0710785212849809,0.0894740704647794,0.426960524684367
"500",6,2,0,0.35,0.35,20,8,0.279309361155964,0.182203947074053,0.124119505790494,0.142111855225877
"501",6,2,0,0.4,0.35,20,8,0.337637300166728,0.0208989876463543,0.137323979526359,0.879039084197044
"502",6,2,0,0.3,0.4,20,8,0.375635771192485,-0.189788297353144,0.186563843837462,0.309018641398055
"503",6,2,0,0.35,0.4,20,8,0.343742547921179,0.183804923326542,0.116759175329681,0.115436014556461
"504",6,2,0,0.4,0.4,20,8,0.427267659228796,-0.0743299898947041,0.0806061029489873,0.356456343438388
"505",6,2,0,0.3,0.3,8,9,0.292199787551385,0.0736127730655038,0.197034678579616,0.708699603284357
"506",6,2,0,0.35,0.3,8,9,0.272090146667546,-0.225667196047029,0.174286729954606,0.195387770692875
"507",6,2,0,0.4,0.3,8,9,0.321099323388489,0.200767594833611,0.226812048739305,0.376064061595583
"508",6,2,0,0.3,0.35,8,9,0.278648100379051,0.128186123103904,0.222718510628919,0.564917915170882
"509",6,2,0,0.35,0.35,8,9,0.190347237515957,0.210769501522375,0.26419224181052,0.424993303598847
"510",6,2,0,0.4,0.35,8,9,0.432597080572337,0.0847899478145036,0.23367118229124,0.716709396196145
"511",6,2,0,0.3,0.4,8,9,0.371073714651052,-0.0330652086066461,0.130301788872509,0.799682005232794
"512",6,2,0,0.35,0.4,8,9,0.353479428867883,-0.0234328221403939,0.198870997946177,0.906202946436624
"513",6,2,0,0.4,0.4,8,9,0.577185147591104,0.05785714575935,0.103525415916772,0.576251126858045
"514",6,2,0,0.3,0.3,10,9,0.374623715121365,0.0862649573968963,0.125728219745924,0.492635878924778
"515",6,2,0,0.35,0.3,10,9,0.321274675928027,-0.156301750508525,0.167811653650801,0.351640601240556
"516",6,2,0,0.4,0.3,10,9,0.391867784104497,0.410905987741633,0.184990120913268,0.0263352476537552
"517",6,2,0,0.3,0.35,10,9,0.298804524352721,-0.11163991205854,0.20918052398963,0.593548227897653
"518",6,2,0,0.35,0.35,10,9,0.279467898413458,-0.172679226405117,0.141726346150955,0.223072417146295
"519",6,2,0,0.4,0.35,10,9,0.318010507917342,-0.0214141715139613,0.154383639767875,0.889681276916513
"520",6,2,0,0.3,0.4,10,9,0.226116815094567,-0.0563267601192665,0.142245094112924,0.692116941773755
"521",6,2,0,0.35,0.4,10,9,0.229182440188387,0.264193473365943,0.122613060652611,0.0311858851828347
"522",6,2,0,0.4,0.4,10,9,0.467389019865049,-0.121537068471786,0.162649882019313,0.454924006672091
"523",6,2,0,0.3,0.3,12,9,0.292269838997969,0.25241939356977,0.130732405220587,0.0535065927567353
"524",6,2,0,0.35,0.3,12,9,0.361119564007086,-0.174527983465908,0.140322193716605,0.213585671284377
"525",6,2,0,0.4,0.3,12,9,0.336587623555443,-0.0894271131497124,0.101310554391673,0.377396852283443
"526",6,2,0,0.3,0.35,12,9,0.382885047960843,0.158385547379089,0.18361440184234,0.38835813624409
"527",6,2,0,0.35,0.35,12,9,0.306552817184782,-0.25931312417475,0.103375632519928,0.0121260405940736
"528",6,2,0,0.4,0.35,12,9,0.400983712352078,-0.18098090902665,0.137226750569446,0.187220704671374
"529",6,2,0,0.3,0.4,12,9,0.329825183844318,-0.00155554482266984,0.175970378176525,0.992946943420921
"530",6,2,0,0.35,0.4,12,9,0.206239467608206,0.405191192411291,0.138278468042571,0.00338683790942017
"531",6,2,0,0.4,0.4,12,9,0.44551605043691,-0.033757131156251,0.152538279841524,0.8248567581469
"532",6,2,0,0.3,0.3,14,9,0.375102295436076,-0.00927523345508252,0.0964963024974181,0.923425194235125
"533",6,2,0,0.35,0.3,14,9,0.333937513097128,-0.212259911989365,0.106385126151243,0.0460207551206366
"534",6,2,0,0.4,0.3,14,9,0.510770372668669,0.0946377913840646,0.0977289577097468,0.332859613461181
"535",6,2,0,0.3,0.35,14,9,0.390308070021623,0.131284772378693,0.164197352522372,0.423968816146864
"536",6,2,0,0.35,0.35,14,9,0.296380832111641,0.153035349681604,0.130393160282145,0.240537036408594
"537",6,2,0,0.4,0.35,14,9,0.32724578336619,-0.212764826413935,0.169029224146085,0.208122161887618
"538",6,2,0,0.3,0.4,14,9,0.376236711272325,0.0807164593040517,0.138753855604922,0.560752547604684
"539",6,2,0,0.35,0.4,14,9,0.371147661167918,0.0342110007378391,0.128656063119704,0.790308122353873
"540",6,2,0,0.4,0.4,14,9,0.320480981607296,0.109002431952438,0.0659061872213971,0.0981472501855132
"541",6,2,0,0.3,0.3,16,9,0.280506298450797,0.269569692128816,0.124625457132381,0.0305381998950639
"542",6,2,0,0.35,0.3,16,9,0.365076058527306,-0.15240350603106,0.162556949046115,0.348481288298833
"543",6,2,0,0.4,0.3,16,9,0.421423335851641,-0.218562396414139,0.112405456017692,0.0518459177816582
"544",6,2,0,0.3,0.35,16,9,0.331033226678614,0.134117701648578,0.0807964046746991,0.0969252344378932
"545",6,2,0,0.35,0.35,16,9,0.229568648190299,0.259419987335689,0.189591412126396,0.171214794259269
"546",6,2,0,0.4,0.35,16,9,0.365642422615713,0.0682217008082753,0.151853703426322,0.653244555742523
"547",6,2,0,0.3,0.4,16,9,0.334667539563546,-0.156413252836576,0.118777651665876,0.187886362465867
"548",6,2,0,0.35,0.4,16,9,0.340759661902976,-0.0859224695412808,0.109041443953512,0.430708444619259
"549",6,2,0,0.4,0.4,16,9,0.28100969035474,-0.115315039451696,0.0909056313791798,0.204614558905944
"550",6,2,0,0.3,0.3,18,9,0.190252137795386,0.185195015365139,0.0541536943571434,0.00062666291563159
"551",6,2,0,0.35,0.3,18,9,0.4370421027617,-0.0979565334748083,0.0911615816455071,0.282581869286405
"552",6,2,0,0.4,0.3,18,9,0.527576052134608,-0.252017338681444,0.130285235259593,0.0530700210459669
"553",6,2,0,0.3,0.35,18,9,0.26678090969913,-0.0332360027214427,0.129134266605595,0.796888876567645
"554",6,2,0,0.35,0.35,18,9,0.387105556639841,-0.0638185622704581,0.149581461161133,0.669636066595083
"555",6,2,0,0.4,0.35,18,9,0.4130004327548,0.0768320063039325,0.129481109249109,0.552924257391447
"556",6,2,0,0.3,0.4,18,9,0.388117168899769,0.0842300048985654,0.188486766689059,0.654965388164275
"557",6,2,0,0.35,0.4,18,9,0.27765979791815,0.146176428324698,0.0963451895297637,0.12921224901566
"558",6,2,0,0.4,0.4,18,9,0.433173362547272,-0.090622926587991,0.081600023179437,0.266751429755376
"559",6,2,0,0.3,0.3,20,9,0.356108882581941,0.160477199150208,0.144109934731072,0.265461620247043
"560",6,2,0,0.35,0.3,20,9,0.306848048110753,0.131461407604039,0.0806942358241383,0.103285482726573
"561",6,2,0,0.4,0.3,20,9,0.358186115278877,0.0454989716400465,0.0773174552881653,0.556217136028395
"562",6,2,0,0.3,0.35,20,9,0.117132405316547,-0.0241193407687237,0.178218732090877,0.8923465315847
"563",6,2,0,0.35,0.35,20,9,0.376010205352875,-0.0715925881621837,0.137260239891746,0.601960801387546
"564",6,2,0,0.4,0.35,20,9,0.341928893013119,-0.350945032603136,0.116287152266304,0.00254518178070817
"565",6,2,0,0.3,0.4,20,9,0.337379936339657,0.00218703652877372,0.206700001248542,0.991557957857478
"566",6,2,0,0.35,0.4,20,9,0.326214241486938,-0.0348712269656213,0.110373229515392,0.752048677082059
"567",6,2,0,0.4,0.4,20,9,0.414039529596109,0.16438226694637,0.0943434407441066,0.0814417087590343
"568",6,2,0,0.3,0.3,8,10,0.428472033385429,0.0363835939008896,0.187631093876359,0.846246151102829
"569",6,2,0,0.35,0.3,8,10,0.347925431349618,-0.0456683553907684,0.132290162729492,0.729933840265065
"570",6,2,0,0.4,0.3,8,10,0.342175505070643,-0.462784948778615,0.164830899237066,0.00499068066396805
"571",6,2,0,0.3,0.35,8,10,0.275972923755999,0.172759353372055,0.182648593392416,0.344221799651915
"572",6,2,0,0.35,0.35,8,10,0.346879270625341,-0.0470335159989048,0.172015234405214,0.784525418034881
"573",6,2,0,0.4,0.35,8,10,0.426200429402226,-0.0644266063347265,0.223837184203637,0.773478412320977
"574",6,2,0,0.3,0.4,8,10,0.272340846966479,0.288165976861904,0.324403792796746,0.374382569710358
"575",6,2,0,0.35,0.4,8,10,0.262890367326756,-0.199699821605243,0.126727287977742,0.115066515711715
"576",6,2,0,0.4,0.4,8,10,0.33433614654208,-0.123083993837816,0.181924401445404,0.498680906489064
"577",6,2,0,0.3,0.3,10,10,0.38516622598677,0.000303968526349507,0.0836569905534568,0.997100884709407
"578",6,2,0,0.35,0.3,10,10,0.41839576687469,0.270539796686225,0.144284134631981,0.0607860072601038
"579",6,2,0,0.4,0.3,10,10,0.347900354410577,-0.182185868099218,0.106301168427866,0.0865534945594745
"580",6,2,0,0.3,0.35,10,10,0.300836667352416,0.229839382452005,0.123550621869182,0.0628451987738668
"581",6,2,0,0.35,0.35,10,10,0.409488958944523,-0.0819387059140051,0.137075165942442,0.549996896644219
"582",6,2,0,0.4,0.35,10,10,0.567690782395463,-0.152896027287558,0.0973070590671213,0.11611907657001
"583",6,2,0,0.3,0.4,10,10,0.307156919544423,-0.118026139939464,0.171563433885819,0.491487661612681
"584",6,2,0,0.35,0.4,10,10,0.277982206334213,-0.0950222804836138,0.201350860395511,0.636981118073522
"585",6,2,0,0.4,0.4,10,10,0.394845204931257,-0.215012217994157,0.186547982035276,0.249081176491434
"586",6,2,0,0.3,0.3,12,10,0.312682103666122,-0.151277953699407,0.131311099621039,0.249297394113952
"587",6,2,0,0.35,0.3,12,10,0.452524595017066,0.183518090768286,0.111762846171533,0.100583519134444
"588",6,2,0,0.4,0.3,12,10,0.315699530826305,0.288657157096385,0.090362191948061,0.00140099414606959
"589",6,2,0,0.3,0.35,12,10,0.349448192517126,0.0380049184548557,0.0794429785903317,0.632370930556249
"590",6,2,0,0.35,0.35,12,10,0.265635245743345,-0.00886094378487945,0.110412558452517,0.93603600407056
"591",6,2,0,0.4,0.35,12,10,0.411101012312085,-0.424041537858634,0.165569711727647,0.0104339596066992
"592",6,2,0,0.3,0.4,12,10,0.289386982446595,-0.0909771025384936,0.102661322274994,0.375516907649386
"593",6,2,0,0.35,0.4,12,10,0.303465125881447,-0.137070544868219,0.12035323617944,0.254744019304857
"594",6,2,0,0.4,0.4,12,10,0.341850578932543,0.0706462073666883,0.0948534305093383,0.456396635889081
"595",6,2,0,0.3,0.3,14,10,0.342655552564099,-0.022083286013296,0.0725651879114487,0.76088150572973
"596",6,2,0,0.35,0.3,14,10,0.308931449873244,-0.0978541812103941,0.107358171410611,0.362045682352443
"597",6,2,0,0.4,0.3,14,10,0.355556702697476,0.133850174986767,0.122050453046055,0.27278171739681
"598",6,2,0,0.3,0.35,14,10,0.434293436282543,0.00874032369478916,0.153669453551835,0.954642832896435
"599",6,2,0,0.35,0.35,14,10,0.410690704685365,-0.238905644075823,0.137846251559126,0.0830723459581854
"600",6,2,0,0.4,0.35,14,10,0.35243163886884,0.02555389444833,0.0934492504490985,0.784505702723299
"601",6,2,0,0.3,0.4,14,10,0.316838559742964,-0.0887226740014067,0.14904278474094,0.551654147213043
"602",6,2,0,0.35,0.4,14,10,0.371940607132155,-0.257790754371316,0.137292087552699,0.0604248073514612
"603",6,2,0,0.4,0.4,14,10,0.221572415566097,-0.0101426530353115,0.0871499194605453,0.907350063089816
"604",6,2,0,0.3,0.3,16,10,0.38025880185226,0.0224347898419555,0.161903265166079,0.88979066182984
"605",6,2,0,0.35,0.3,16,10,0.365891190476035,-0.109625163467856,0.177819225291739,0.537566015008994
"606",6,2,0,0.4,0.3,16,10,0.399859853574419,-0.277122883100789,0.0847155454526054,0.00107085927284059
"607",6,2,0,0.3,0.35,16,10,0.351913510075961,-0.140743703485299,0.10642730701946,0.186021752867977
"608",6,2,0,0.35,0.35,16,10,0.48754703819423,-0.00542521002615981,0.124148945300597,0.965144174119373
"609",6,2,0,0.4,0.35,16,10,0.5104170870536,0.0909235232284584,0.110972938180482,0.41259782265725
"610",6,2,0,0.3,0.4,16,10,0.257327394166646,0.0436027037401761,0.114193919058148,0.702587207518088
"611",6,2,0,0.35,0.4,16,10,0.364151273854383,-0.0442739577842166,0.120596677801366,0.713526383409441
"612",6,2,0,0.4,0.4,16,10,0.369181132244742,-0.0578790978173895,0.160951337071406,0.71914165056897
"613",6,2,0,0.3,0.3,18,10,0.325864606009361,0.0221894100295197,0.0926298302753047,0.810679681243055
"614",6,2,0,0.35,0.3,18,10,0.343689500100243,-0.106708645445661,0.0832010716919784,0.199653522841837
"615",6,2,0,0.4,0.3,18,10,0.532911832700202,-0.105147951854309,0.122035240799736,0.388896897567843
"616",6,2,0,0.3,0.35,18,10,0.299877234790914,-0.0629134629038717,0.118850894915811,0.596564183901389
"617",6,2,0,0.35,0.35,18,10,0.392314184757585,-0.010867001219184,0.0880967752813405,0.901827576034621
"618",6,2,0,0.4,0.35,18,10,0.406465916316794,-0.0373642516884281,0.152116288293513,0.805969031400628
"619",6,2,0,0.3,0.4,18,10,0.3286486311062,0.0366410338846066,0.122524911299058,0.76490214994985
"620",6,2,0,0.35,0.4,18,10,0.346657795776686,-0.16031444892466,0.0978933203742084,0.101495893116529
"621",6,2,0,0.4,0.4,18,10,0.233162084957882,-0.0615426254220077,0.081347054693226,0.449323107514812
"622",6,2,0,0.3,0.3,20,10,0.346601452610867,0.00794171005519217,0.129293630948477,0.951021674298673
"623",6,2,0,0.35,0.3,20,10,0.150134704992964,0.00430981590124002,0.106350156960118,0.967674757772944
"624",6,2,0,0.4,0.3,20,10,0.354753252499689,0.246105797530258,0.0621497403489129,7.49860010657079e-05
"625",6,2,0,0.3,0.35,20,10,0.245462393536567,-0.0782378175286564,0.100692603256776,0.437160734375329
"626",6,2,0,0.35,0.35,20,10,0.321052155727044,-0.0673582044042642,0.146671622477154,0.646058262698059
"627",6,2,0,0.4,0.35,20,10,0.459837729566039,0.139344602413635,0.0787299872505154,0.0767429586003066
"628",6,2,0,0.3,0.4,20,10,0.379827476491588,-0.0333423581531036,0.0742372044137573,0.65333591226912
"629",6,2,0,0.35,0.4,20,10,0.351768034711611,-0.00998997163078008,0.0850902963090522,0.906539630581259
"630",6,2,0,0.4,0.4,20,10,0.416723408726693,-0.111582496571501,0.0670400913040988,0.0960296347223196
