"nGroupT","nGroupC","meanC","sdC","iteration","ef","rho","sampleSize","idSD","coef","boot_pval"
2,2,3.46,0.5,8,0,0.3,5,0.5,0.494438262748872,0.015
2,2,3.46,0.5,1,0,0.3,5,5,5.98223460840813,0.035
2,2,3.46,0.5,9,0,0.3,5,1,1.50346659992204,0.07
2,2,3.46,0.5,10,0,0.3,5,1,1.05119691236428,0.07
2,2,3.46,0.5,7,0,0.3,5,0.5,0.453181835449072,0.08
2,2,3.46,0.5,9,0,0.3,5,0.5,0.686082231215778,0.08
2,2,3.46,0.5,4,0,0.3,5,0.5,-0.667432181426989,0.085
2,2,3.46,0.5,10,0,0.3,5,0.5,-0.826280004515866,0.185
2,2,3.46,0.5,3,0,0.3,5,0.5,-0.986392548461254,0.215
2,2,3.46,0.5,5,0,0.3,5,1,0.688791848226174,0.295
2,2,3.46,0.5,7,0,0.3,5,5,9.38185654808638,0.32
2,2,3.46,0.5,2,0,0.3,5,0.5,-0.350535972753391,0.35
2,2,3.46,0.5,10,0,0.3,5,5,-2.49297146990671,0.365
2,2,3.46,0.5,1,0,0.3,5,1,0.707330503162666,0.495
2,2,3.46,0.5,5,0,0.3,5,0.5,0.407080858013956,0.505
2,2,3.46,0.5,2,0,0.3,5,1,-0.961072891073513,0.525
2,2,3.46,0.5,6,0,0.3,5,0.5,-0.353394376724168,0.53
2,2,3.46,0.5,5,0,0.3,5,5,-4.59290884179609,0.59
2,2,3.46,0.5,3,0,0.3,5,1,0.376120356814454,0.595
2,2,3.46,0.5,6,0,0.3,5,1,-0.717835394888766,0.605
2,2,3.46,0.5,8,0,0.3,5,5,1.68709505859636,0.625
2,2,3.46,0.5,1,0,0.3,5,0.5,0.492967311779125,0.635
2,2,3.46,0.5,6,0,0.3,5,5,1.00261963386743,0.665
2,2,3.46,0.5,4,0,0.3,5,5,-1.66327654247038,0.725
2,2,3.46,0.5,9,0,0.3,5,5,1.08929953381994,0.73
2,2,3.46,0.5,3,0,0.3,5,5,3.18095049065289,0.74
2,2,3.46,0.5,8,0,0.3,5,1,0.251592603685481,0.755
2,2,3.46,0.5,4,0,0.3,5,1,-0.297034756188168,0.765
2,2,3.46,0.5,2,0,0.3,5,5,0.506920397393401,0.79
2,2,3.46,0.5,7,0,0.3,5,1,0.12344510008927,0.8
2,2,3.46,0.5,8,0,0.3,10,1,0.953724108951519,0.045
2,2,3.46,0.5,7,0,0.3,10,5,4.51383509018979,0.05
2,2,3.46,0.5,6,0,0.3,10,0.5,-0.475236622492503,0.08
2,2,3.46,0.5,1,0,0.3,10,0.5,0.288989743745788,0.29
2,2,3.46,0.5,7,0,0.3,10,1,0.574728066011062,0.3
2,2,3.46,0.5,1,0,0.3,10,5,4.5278374392268,0.325
2,2,3.46,0.5,5,0,0.3,10,0.5,0.620631195554324,0.34
2,2,3.46,0.5,7,0,0.3,10,0.5,-0.44787827702055,0.38
2,2,3.46,0.5,3,0,0.3,10,1,0.260896692309302,0.38
2,2,3.46,0.5,3,0,0.3,10,5,-3.33525276784303,0.405
2,2,3.46,0.5,4,0,0.3,10,5,-2.62922031530729,0.43
2,2,3.46,0.5,5,0,0.3,10,5,-4.33022391324607,0.44
2,2,3.46,0.5,9,0,0.3,10,1,0.700111406219662,0.465
2,2,3.46,0.5,4,0,0.3,10,1,0.449520489638871,0.49
2,2,3.46,0.5,5,0,0.3,10,1,0.243452773630111,0.49
2,2,3.46,0.5,10,0,0.3,10,5,-2.21281540983193,0.595
2,2,3.46,0.5,9,0,0.3,10,5,-0.840655738254782,0.605
2,2,3.46,0.5,2,0,0.3,10,1,0.184819711375894,0.675
2,2,3.46,0.5,9,0,0.3,10,0.5,0.0621310424996864,0.685
2,2,3.46,0.5,6,0,0.3,10,1,0.410515606990316,0.71
2,2,3.46,0.5,2,0,0.3,10,0.5,0.279793171921028,0.725
2,2,3.46,0.5,10,0,0.3,10,1,-0.176363880550525,0.75
2,2,3.46,0.5,6,0,0.3,10,5,0.948579840592629,0.78
2,2,3.46,0.5,4,0,0.3,10,0.5,0.0474407737206093,0.79
2,2,3.46,0.5,8,0,0.3,10,5,-0.511215840415844,0.805
2,2,3.46,0.5,3,0,0.3,10,0.5,0.059311712464023,0.825
2,2,3.46,0.5,2,0,0.3,10,5,0.520296885330026,0.865
2,2,3.46,0.5,10,0,0.3,10,0.5,0.0423898561423357,0.92
2,2,3.46,0.5,8,0,0.3,10,0.5,0.0147092035779224,0.925
2,2,3.46,0.5,1,0,0.3,10,1,-0.0115942916189624,0.965
2,2,3.46,0.5,4,0,0.3,15,5,-3.33271103575157,0.045
2,2,3.46,0.5,6,0,0.3,15,0.5,0.454505183682727,0.05
2,2,3.46,0.5,9,0,0.3,15,1,-1.06648993277156,0.05
2,2,3.46,0.5,6,0,0.3,15,1,0.566976061011928,0.06
2,2,3.46,0.5,8,0,0.3,15,5,-4.70970239232747,0.07
2,2,3.46,0.5,7,0,0.3,15,5,-5.35784827487851,0.1
2,2,3.46,0.5,9,0,0.3,15,5,-5.12940326674698,0.11
2,2,3.46,0.5,2,0,0.3,15,1,-0.924846863833864,0.135
2,2,3.46,0.5,5,0,0.3,15,5,-3.32225050952138,0.14
2,2,3.46,0.5,1,0,0.3,15,0.5,0.462143117248502,0.15
2,2,3.46,0.5,3,0,0.3,15,5,0.734427896008583,0.155
2,2,3.46,0.5,10,0,0.3,15,1,0.618947259442962,0.265
2,2,3.46,0.5,2,0,0.3,15,5,-1.75768146578616,0.285
2,2,3.46,0.5,6,0,0.3,15,5,-1.10914065223869,0.325
2,2,3.46,0.5,1,0,0.3,15,1,0.367641808762301,0.355
2,2,3.46,0.5,4,0,0.3,15,0.5,-0.364296883715951,0.42
2,2,3.46,0.5,9,0,0.3,15,0.5,-0.252948631033746,0.435
2,2,3.46,0.5,4,0,0.3,15,1,0.23297590878235,0.515
2,2,3.46,0.5,2,0,0.3,15,0.5,0.149078623874402,0.555
2,2,3.46,0.5,3,0,0.3,15,0.5,0.415808828488252,0.57
2,2,3.46,0.5,7,0,0.3,15,1,-0.264768220406495,0.57
2,2,3.46,0.5,1,0,0.3,15,5,2.25777716079006,0.61
2,2,3.46,0.5,8,0,0.3,15,0.5,-0.108512721444185,0.62
2,2,3.46,0.5,8,0,0.3,15,1,-0.391878955576772,0.63
2,2,3.46,0.5,10,0,0.3,15,5,1.52342375916669,0.665
2,2,3.46,0.5,5,0,0.3,15,0.5,-0.0576539895561154,0.765
2,2,3.46,0.5,7,0,0.3,15,0.5,0.0837462137276361,0.78
2,2,3.46,0.5,3,0,0.3,15,1,0.172436894620205,0.785
2,2,3.46,0.5,10,0,0.3,15,0.5,-0.0050521639385579,0.95
2,2,3.46,0.5,5,0,0.3,15,1,-0.00768046692940061,0.95
2,2,3.46,0.5,5,0,0.3,20,1,1.0571645542127,0.025
2,2,3.46,0.5,6,0,0.3,20,1,0.348327978658858,0.045
2,2,3.46,0.5,6,0,0.3,20,5,-1.88367072652568,0.045
2,2,3.46,0.5,9,0,0.3,20,5,3.57920436894324,0.05
2,2,3.46,0.5,8,0,0.3,20,5,1.89126940083975,0.07
2,2,3.46,0.5,4,0,0.3,20,5,3.63211432248283,0.105
2,2,3.46,0.5,7,0,0.3,20,0.5,-0.319168400326134,0.175
2,2,3.46,0.5,3,0,0.3,20,1,-0.432763634654066,0.195
2,2,3.46,0.5,1,0,0.3,20,0.5,-0.245574840298559,0.215
2,2,3.46,0.5,10,0,0.3,20,1,0.665872496183397,0.215
2,2,3.46,0.5,2,0,0.3,20,1,0.26314603491096,0.225
2,2,3.46,0.5,5,0,0.3,20,0.5,0.305472399524888,0.305
2,2,3.46,0.5,8,0,0.3,20,1,0.2268865522135,0.32
2,2,3.46,0.5,8,0,0.3,20,0.5,0.456809192467063,0.355
2,2,3.46,0.5,2,0,0.3,20,5,0.93693927205095,0.355
2,2,3.46,0.5,3,0,0.3,20,0.5,0.20405248081795,0.435
2,2,3.46,0.5,10,0,0.3,20,5,0.50581527458769,0.47
2,2,3.46,0.5,9,0,0.3,20,0.5,0.134967074257929,0.495
2,2,3.46,0.5,4,0,0.3,20,0.5,0.215515656454841,0.52
2,2,3.46,0.5,3,0,0.3,20,5,-1.9022254810767,0.535
2,2,3.46,0.5,6,0,0.3,20,0.5,0.332395623302659,0.595
2,2,3.46,0.5,4,0,0.3,20,1,0.438023315071064,0.635
2,2,3.46,0.5,2,0,0.3,20,0.5,-0.113760668413079,0.655
2,2,3.46,0.5,7,0,0.3,20,1,0.336539833316465,0.675
2,2,3.46,0.5,10,0,0.3,20,0.5,0.102368821976825,0.715
2,2,3.46,0.5,1,0,0.3,20,5,0.36706242706407,0.735
2,2,3.46,0.5,1,0,0.3,20,1,-0.0852931209537928,0.79
2,2,3.46,0.5,9,0,0.3,20,1,-0.0421727395544167,0.88
2,2,3.46,0.5,7,0,0.3,20,5,-0.313635770293217,0.89
2,2,3.46,0.5,5,0,0.3,20,5,0.0790367898891873,0.94
2,2,3.46,0.5,6,0,0.3,25,0.5,0.256927806692715,0.035
2,2,3.46,0.5,2,0,0.3,25,1,0.785001646959586,0.035
2,2,3.46,0.5,4,0,0.3,25,1,0.934074347668911,0.05
2,2,3.46,0.5,10,0,0.3,25,1,0.788125872440105,0.055
2,2,3.46,0.5,2,0,0.3,25,0.5,-0.323822932645271,0.06
2,2,3.46,0.5,5,0,0.3,25,0.5,0.380825591426515,0.07
2,2,3.46,0.5,8,0,0.3,25,5,2.41521880885148,0.075
2,2,3.46,0.5,1,0,0.3,25,1,-0.780136136771944,0.135
2,2,3.46,0.5,3,0,0.3,25,1,-0.207584521288709,0.135
2,2,3.46,0.5,8,0,0.3,25,0.5,-0.358929718827312,0.19
2,2,3.46,0.5,6,0,0.3,25,1,-0.134754935600881,0.22
2,2,3.46,0.5,6,0,0.3,25,5,-1.38996555225572,0.325
2,2,3.46,0.5,4,0,0.3,25,5,-0.98240409039181,0.37
2,2,3.46,0.5,7,0,0.3,25,1,-0.687928931881061,0.41
2,2,3.46,0.5,5,0,0.3,25,5,1.4072800933518,0.42
2,2,3.46,0.5,9,0,0.3,25,0.5,-0.46879945510625,0.475
2,2,3.46,0.5,8,0,0.3,25,1,0.518117863406133,0.505
2,2,3.46,0.5,7,0,0.3,25,5,2.57500718223355,0.545
2,2,3.46,0.5,2,0,0.3,25,5,2.0292894856525,0.555
2,2,3.46,0.5,3,0,0.3,25,0.5,0.282102143674592,0.565
2,2,3.46,0.5,1,0,0.3,25,0.5,-0.137152685351566,0.57
2,2,3.46,0.5,3,0,0.3,25,5,-3.66282826138627,0.575
2,2,3.46,0.5,9,0,0.3,25,1,-0.457084785502843,0.69
2,2,3.46,0.5,5,0,0.3,25,1,-0.243257741326943,0.7
2,2,3.46,0.5,4,0,0.3,25,0.5,0.0618704330127002,0.78
2,2,3.46,0.5,9,0,0.3,25,5,-0.293319081957179,0.81
2,2,3.46,0.5,10,0,0.3,25,5,-0.388701499156127,0.825
2,2,3.46,0.5,7,0,0.3,25,0.5,-0.101112104036474,0.86
2,2,3.46,0.5,10,0,0.3,25,0.5,0.00534495951819736,0.965
2,2,3.46,0.5,1,0,0.3,25,5,-0.0464136207046977,0.97
2,2,3.46,0.5,4,0.2,0.3,5,5,-8.11102392393286,0.015
2,2,3.46,0.5,5,0.2,0.3,5,5,8.63452903166171,0.03
2,2,3.46,0.5,10,0.2,0.3,5,0.5,-1.04990362020487,0.045
2,2,3.46,0.5,3,0.2,0.3,5,5,5.82917017658463,0.045
2,2,3.46,0.5,1,0.2,0.3,5,1,-1.64518165796233,0.055
2,2,3.46,0.5,8,0.2,0.3,5,0.5,-1.40983441467586,0.065
2,2,3.46,0.5,3,0.2,0.3,5,0.5,-1.13888828395591,0.105
2,2,3.46,0.5,6,0.2,0.3,5,0.5,-1.25448879901194,0.165
2,2,3.46,0.5,9,0.2,0.3,5,0.5,-0.467870524907084,0.18
2,2,3.46,0.5,7,0.2,0.3,5,0.5,-1.08252952715566,0.185
2,2,3.46,0.5,3,0.2,0.3,5,1,-0.936284472333,0.195
2,2,3.46,0.5,5,0.2,0.3,5,1,0.384815476185622,0.195
2,2,3.46,0.5,8,0.2,0.3,5,5,-3.70501875874163,0.21
2,2,3.46,0.5,6,0.2,0.3,5,1,-0.646375718702984,0.28
2,2,3.46,0.5,2,0.2,0.3,5,1,-0.428846951228252,0.29
2,2,3.46,0.5,6,0.2,0.3,5,5,-1.73579861809446,0.315
2,2,3.46,0.5,2,0.2,0.3,5,0.5,-1.08708093768325,0.32
2,2,3.46,0.5,7,0.2,0.3,5,1,-1.03188722880259,0.37
2,2,3.46,0.5,9,0.2,0.3,5,1,-1.33066838592458,0.375
2,2,3.46,0.5,10,0.2,0.3,5,1,0.250040780254267,0.38
2,2,3.46,0.5,5,0.2,0.3,5,0.5,-0.169461187115985,0.57
2,2,3.46,0.5,4,0.2,0.3,5,1,-1.09636082880843,0.58
2,2,3.46,0.5,7,0.2,0.3,5,5,-2.17212259302266,0.665
2,2,3.46,0.5,8,0.2,0.3,5,1,0.304133371463763,0.735
2,2,3.46,0.5,2,0.2,0.3,5,5,-0.831311417347706,0.75
2,2,3.46,0.5,10,0.2,0.3,5,5,-1.79938907367728,0.78
2,2,3.46,0.5,1,0.2,0.3,5,0.5,-0.11173309920764,0.8
2,2,3.46,0.5,9,0.2,0.3,5,5,0.344634669631319,0.83
2,2,3.46,0.5,4,0.2,0.3,5,0.5,0.0196509387765218,0.94
2,2,3.46,0.5,1,0.2,0.3,5,5,0.154785211853778,0.94
2,2,3.46,0.5,1,0.2,0.3,10,1,-0.840629150532209,0.005
2,2,3.46,0.5,3,0.2,0.3,10,0.5,-1.58222924926497,0.025
2,2,3.46,0.5,10,0.2,0.3,10,0.5,-0.961483093571019,0.045
2,2,3.46,0.5,4,0.2,0.3,10,0.5,-1.11883206579319,0.05
2,2,3.46,0.5,8,0.2,0.3,10,1,-1.10478914634382,0.055
2,2,3.46,0.5,5,0.2,0.3,10,0.5,-1.36751506610062,0.06
2,2,3.46,0.5,4,0.2,0.3,10,5,-4.31807157980211,0.065
2,2,3.46,0.5,2,0.2,0.3,10,0.5,-0.696551553133531,0.07
2,2,3.46,0.5,4,0.2,0.3,10,1,-1.20347310911734,0.07
2,2,3.46,0.5,1,0.2,0.3,10,0.5,-0.982783899909464,0.075
2,2,3.46,0.5,7,0.2,0.3,10,1,-0.639892852484991,0.13
2,2,3.46,0.5,8,0.2,0.3,10,0.5,-0.90912143026344,0.18
2,2,3.46,0.5,1,0.2,0.3,10,5,-1.28436849184425,0.195
2,2,3.46,0.5,9,0.2,0.3,10,1,-1.05573965451867,0.2
2,2,3.46,0.5,6,0.2,0.3,10,0.5,-0.497209582486676,0.205
2,2,3.46,0.5,3,0.2,0.3,10,5,-1.5064633602351,0.24
2,2,3.46,0.5,6,0.2,0.3,10,1,-1.40545615158453,0.295
2,2,3.46,0.5,7,0.2,0.3,10,0.5,0.204950007158459,0.3
2,2,3.46,0.5,5,0.2,0.3,10,1,-0.705717454854721,0.41
2,2,3.46,0.5,3,0.2,0.3,10,1,-0.203671339692846,0.445
2,2,3.46,0.5,9,0.2,0.3,10,5,3.79865550020804,0.45
2,2,3.46,0.5,9,0.2,0.3,10,0.5,-0.947328534228518,0.455
2,2,3.46,0.5,2,0.2,0.3,10,1,-0.475749674611961,0.485
2,2,3.46,0.5,2,0.2,0.3,10,5,-1.2465633224574,0.54
2,2,3.46,0.5,10,0.2,0.3,10,1,-0.533503376066619,0.645
2,2,3.46,0.5,5,0.2,0.3,10,5,-1.87512536735653,0.645
2,2,3.46,0.5,7,0.2,0.3,10,5,0.687306163201811,0.665
2,2,3.46,0.5,8,0.2,0.3,10,5,-0.575105067889353,0.68
2,2,3.46,0.5,6,0.2,0.3,10,5,0.179383727599088,0.795
2,2,3.46,0.5,10,0.2,0.3,10,5,0.517821172192043,0.91
2,2,3.46,0.5,4,0.2,0.3,15,5,-3.51999386989564,0.01
2,2,3.46,0.5,4,0.2,0.3,15,0.5,-1.06438430322441,0.045
2,2,3.46,0.5,5,0.2,0.3,15,1,-0.904532719466715,0.045
2,2,3.46,0.5,7,0.2,0.3,15,1,-1.51790264976717,0.045
2,2,3.46,0.5,3,0.2,0.3,15,0.5,-0.940948961823779,0.05
2,2,3.46,0.5,7,0.2,0.3,15,0.5,-0.590202167005828,0.05
2,2,3.46,0.5,9,0.2,0.3,15,1,-1.1749998790865,0.05
2,2,3.46,0.5,9,0.2,0.3,15,0.5,-1.04164867547274,0.055
2,2,3.46,0.5,2,0.2,0.3,15,1,-1.70273116242538,0.055
2,2,3.46,0.5,8,0.2,0.3,15,1,0.450956206160981,0.065
2,2,3.46,0.5,3,0.2,0.3,15,5,-1.88122258630312,0.065
2,2,3.46,0.5,10,0.2,0.3,15,1,-0.915993277534199,0.155
2,2,3.46,0.5,2,0.2,0.3,15,0.5,-0.743070386243744,0.18
2,2,3.46,0.5,8,0.2,0.3,15,5,-1.5319831962147,0.215
2,2,3.46,0.5,2,0.2,0.3,15,5,-2.1079568526925,0.335
2,2,3.46,0.5,10,0.2,0.3,15,5,-2.07770654011824,0.45
2,2,3.46,0.5,6,0.2,0.3,15,5,1.6252016971921,0.48
2,2,3.46,0.5,6,0.2,0.3,15,1,-0.31548098604128,0.505
2,2,3.46,0.5,7,0.2,0.3,15,5,-1.02267290862437,0.525
2,2,3.46,0.5,4,0.2,0.3,15,1,0.622625374185418,0.57
2,2,3.46,0.5,3,0.2,0.3,15,1,-0.184496504831031,0.6
2,2,3.46,0.5,8,0.2,0.3,15,0.5,-0.247380382321126,0.635
2,2,3.46,0.5,1,0.2,0.3,15,0.5,-0.185350482197009,0.705
2,2,3.46,0.5,10,0.2,0.3,15,0.5,-0.226390477645282,0.705
2,2,3.46,0.5,5,0.2,0.3,15,5,-1.01320571581812,0.745
2,2,3.46,0.5,6,0.2,0.3,15,0.5,-0.0621428824806571,0.75
2,2,3.46,0.5,5,0.2,0.3,15,0.5,-0.182587660198806,0.78
2,2,3.46,0.5,9,0.2,0.3,15,5,0.144726339724684,0.955
2,2,3.46,0.5,1,0.2,0.3,15,1,-0.0139501303979159,0.97
2,2,3.46,0.5,1,0.2,0.3,15,5,-0.0208119678297862,0.98
2,2,3.46,0.5,10,0.2,0.3,20,0.5,-0.59037639299504,0.025
2,2,3.46,0.5,4,0.2,0.3,20,0.5,-0.574726072246449,0.03
2,2,3.46,0.5,10,0.2,0.3,20,1,-1.12717487431109,0.03
2,2,3.46,0.5,7,0.2,0.3,20,0.5,-0.914633412212652,0.035
2,2,3.46,0.5,8,0.2,0.3,20,0.5,-0.667199315605558,0.035
2,2,3.46,0.5,5,0.2,0.3,20,0.5,-1.45646690581543,0.06
2,2,3.46,0.5,9,0.2,0.3,20,0.5,-0.652286695373391,0.07
2,2,3.46,0.5,8,0.2,0.3,20,1,-1.276901017098,0.07
2,2,3.46,0.5,1,0.2,0.3,20,0.5,-1.06931671486086,0.075
2,2,3.46,0.5,2,0.2,0.3,20,0.5,-0.615718323804458,0.08
2,2,3.46,0.5,3,0.2,0.3,20,0.5,-0.821341262372016,0.085
2,2,3.46,0.5,9,0.2,0.3,20,1,-0.525028775642795,0.15
2,2,3.46,0.5,1,0.2,0.3,20,5,-5.06534293995765,0.15
2,2,3.46,0.5,6,0.2,0.3,20,0.5,-0.831660855014889,0.155
2,2,3.46,0.5,2,0.2,0.3,20,1,-0.911119967940749,0.16
2,2,3.46,0.5,2,0.2,0.3,20,5,-2.92506141576303,0.19
2,2,3.46,0.5,3,0.2,0.3,20,1,-0.955977268457218,0.205
2,2,3.46,0.5,6,0.2,0.3,20,5,-2.27141859896903,0.235
2,2,3.46,0.5,7,0.2,0.3,20,1,0.429674604286674,0.335
2,2,3.46,0.5,4,0.2,0.3,20,1,-0.16828125104098,0.345
2,2,3.46,0.5,4,0.2,0.3,20,5,-2.1552271501746,0.37
2,2,3.46,0.5,1,0.2,0.3,20,1,-0.539596881220405,0.435
2,2,3.46,0.5,6,0.2,0.3,20,1,-0.357883900165348,0.5
2,2,3.46,0.5,5,0.2,0.3,20,1,-0.679058456727944,0.53
2,2,3.46,0.5,9,0.2,0.3,20,5,1.42363674390526,0.615
2,2,3.46,0.5,3,0.2,0.3,20,5,-1.38976753993188,0.66
2,2,3.46,0.5,5,0.2,0.3,20,5,-0.548132431112208,0.75
2,2,3.46,0.5,8,0.2,0.3,20,5,-0.148028139038161,0.835
2,2,3.46,0.5,7,0.2,0.3,20,5,0.473491288041942,0.84
2,2,3.46,0.5,10,0.2,0.3,20,5,-0.0459324317639584,0.96
2,2,3.46,0.5,8,0.2,0.3,25,5,-3.92477408610898,0.025
2,2,3.46,0.5,4,0.2,0.3,25,0.5,-0.892623385982915,0.035
2,2,3.46,0.5,9,0.2,0.3,25,1,-0.918612588800897,0.04
2,2,3.46,0.5,3,0.2,0.3,25,0.5,-1.33724718606663,0.045
2,2,3.46,0.5,6,0.2,0.3,25,5,1.868188010312,0.045
2,2,3.46,0.5,9,0.2,0.3,25,0.5,-0.97300328593019,0.05
2,2,3.46,0.5,7,0.2,0.3,25,0.5,-1.11205149194166,0.055
2,2,3.46,0.5,5,0.2,0.3,25,0.5,-0.460980010031108,0.06
2,2,3.46,0.5,6,0.2,0.3,25,0.5,-1.17027181209755,0.06
2,2,3.46,0.5,10,0.2,0.3,25,1,-1.02441541269081,0.06
2,2,3.46,0.5,2,0.2,0.3,25,0.5,-0.903677668673936,0.085
2,2,3.46,0.5,5,0.2,0.3,25,5,-1.99364087467848,0.115
2,2,3.46,0.5,3,0.2,0.3,25,1,-0.735124448334773,0.195
2,2,3.46,0.5,5,0.2,0.3,25,1,-0.580735662781763,0.205
2,2,3.46,0.5,1,0.2,0.3,25,0.5,-0.298385088652481,0.255
2,2,3.46,0.5,6,0.2,0.3,25,1,-0.662245621315606,0.275
2,2,3.46,0.5,8,0.2,0.3,25,1,-0.827670541809539,0.35
2,2,3.46,0.5,4,0.2,0.3,25,1,-0.310708482856853,0.41
2,2,3.46,0.5,10,0.2,0.3,25,0.5,-0.454517549422462,0.47
2,2,3.46,0.5,8,0.2,0.3,25,0.5,-0.649574843260098,0.545
2,2,3.46,0.5,10,0.2,0.3,25,5,0.619556719002048,0.58
2,2,3.46,0.5,4,0.2,0.3,25,5,0.879709267940143,0.585
2,2,3.46,0.5,3,0.2,0.3,25,5,-0.410203456129693,0.59
2,2,3.46,0.5,2,0.2,0.3,25,5,-1.34599758524405,0.61
2,2,3.46,0.5,1,0.2,0.3,25,5,0.685360514955391,0.735
2,2,3.46,0.5,2,0.2,0.3,25,1,0.0507089610271123,0.765
2,2,3.46,0.5,7,0.2,0.3,25,1,-0.13521394621921,0.795
2,2,3.46,0.5,1,0.2,0.3,25,1,0.0355517046350542,0.815
2,2,3.46,0.5,9,0.2,0.3,25,5,0.300631546179375,0.825
2,2,3.46,0.5,7,0.2,0.3,25,5,0.102003690610445,0.905
